지점,지점명,일시,평균기온(°C),평균최고기온(°C),평균최저기온(°C),최고기온(°C),최저기온(°C),최고기온 나타난날(yyyymmdd),최저기온 나타난날(yyyymmdd),평균현지기압(hPa),평균해면기압(hPa),최고해면기압(hPa),최저해면기압(hPa),최고해면기압 나타난날(yyyymmdd),최저해면기압 나타난날(yyyymmdd),평균수증기압(hPa),최고수증기압(hPa),최저수증기압(hPa),최고수증기압 나타난날(yyyymmdd),최저수증기압 나타난날(yyyymmdd),평균이슬점온도(°C),평균상대습도(%),최소상대습도(%),최소상대습도 나타난날(yyyymmdd),월합강수량(00~24h만)(mm),일최다강수량(mm),1시간최다강수량(mm),10분최다강수량(mm),일최다강수량 나타난날(yyyymmdd),1시간최다강수량 나타난날(yyyymmdd),10분최다강수량 나타난날(yyyymmdd),소형총증발량(mm),소형일최대증발량(mm),대형총증발량(mm),대형일최대증발량(mm),소형일최대증발량 나타난날(yyyymmdd),대형일최대증발량 나타난날(yyyymmdd),평균풍속(m/s),최대풍속(m/s),최대순간풍속(m/s),최대풍속 풍향(16방위),최대순간풍속 풍향(16방위),최대풍속 나타난날(yyyymmdd),최대순간풍속 나타난날(yyyymmdd),최다풍향(16방위),평균운량(1/10),평균중하층운량(1/10),합계 일조시간(hr),일조율(%),합계 일사량(MJ/m2),최심적설(cm),최심신적설(cm),3시간신적설합(cm),최심적설 나타난날(yyyymmdd),최심신적설 나타난날(yyyymmdd),평균 최저초상온도(°C),최저초상온도(°C),최저초상온도 나타난날(yyyymmdd),평균지면온도(°C),0.05m평균지중온도(°C),0.1m평균지중온도(°C),0.2m평균지중온도(°C),0.3m평균지중온도(°C),0.5m평균지중온도(°C),1.0m평균지중온도(°C),1.5m평균지중온도(°C),3.0m평균지중온도(°C),5.0m평균지중온도(°C)
170,완도,2020-01,5.9,9.4,2.8,19.5,-2.7,20200107,20200101,1018.5,1022.8,1034.0,1005.9,20200101,20200107,6.5,18.8,2.5,20200107,20200117,0.2,69,22,20200117,95.4,31.3,,,20200106,,,,,,,,,2.4,12.4,20.4,290,250,20200108,20200107,320,6.3,4.9,130.6,41.5,,,,,,,-1.6,-8.5,20200105,4.8,,,,,,,,,
170,완도,2020-02,6.3,10.6,2.1,18.1,-5.2,20200225,20200206,1020.3,1024.6,1035.2,1011.6,20200220,20200225,7.0,16.5,1.8,20200225,20200206,0.9,70,23,20200206,49.0,24.9,,,20200212,,,,,,,,,2.7,11.1,18.0,290,290,20200217,20200217,290,5.3,4.2,176.9,55.65,,,,,,,-2.3,-9.5,20200206,5.6,,,,,,,,,
170,완도,2020-03,9.5,14.5,4.8,21.6,-1.7,20200322,20200306,1014.0,1018.3,1027.8,1004.5,20200305,20200310,7.9,17.7,3.0,20200321,20200316,2.7,66,18,20200306,55.9,32.4,,,20200326,,,,,,,,,2.7,11.8,18.4,290,250,20200315,20200315,320,4.8,3.2,230.1,61.89,,,,,,,0.2,-8.3,20200306,10.2,,,,,,,,,
170,완도,2020-04,11.9,17.2,7.4,22.1,1.6,20200429,20200406,1014.0,1018.2,1026.5,1005.7,20200410,20200419,7.8,17.8,3.2,20200430,20200408,2.7,57,18,20200426,87.1,32.6,8.3,2.0,20200417,20200417.0,20200419.0,,,,,,,3.0,11.5,17.0,290,200,20200422,20200425,290,4.0,2.8,244.2,62.3,,,,,,,2.5,-4.0,20200406,13.9,,,,,,,,,
170,완도,2020-05,17.8,22.1,14.1,26.3,11.4,20200504,20200514,1006.8,1010.9,1019.5,997.3,20200514,20200518,15.8,22.1,7.6,20200509,20200507,13.5,79,28,20200513,258.6,111.2,21.9,10.4,20200509,20200509.0,20200503.0,,,,,,,2.9,11.3,17.8,290,290,20200519,20200519,140,6.1,4.0,185.2,42.76,,,,,,,11.5,6.4,20200513,20.3,,,,,,,,,
170,완도,2020-06,22.1,26.5,18.5,31.0,13.4,20200616,20200602,1002.8,1006.8,1016.4,988.6,20200608,20200630,21.3,29.3,9.9,20200613,20200608,18.3,81,25,20200608,343.3,110.6,24.4,8.4,20200618,20200624.0,20200613.0,,,,,,,2.3,10.4,17.3,180,250,20200629,20200630,140,6.2,3.5,200.1,46.21,,,,,,,16.9,10.1,20200602,25.1,,,,,,,,,
170,완도,2020-07,22.8,25.9,20.6,31.0,17.7,20200731,20200702,1002.8,1006.8,1015.9,995.1,20200731,20200724,24.7,34.2,17.0,20200731,20200702,20.8,89,54,20200701,282.1,72.7,29.6,8.8,20200713,20200723.0,20200723.0,,,,,,,2.3,10.5,16.5,140,250,20200712,20200723,140,7.9,5.9,79.7,18.11,,,,,,,19.7,16.0,20200702,24.5,,,,,,,,,
170,완도,2020-08,27.5,31.0,24.7,34.0,22.8,20200818,20200826,1005.2,1009.2,1015.0,993.3,20200821,20200826,30.5,37.6,25.3,20200829,20200822,24.4,84,54,20200819,100.4,49.6,20.7,7.0,20200826,20200826.0,20200827.0,,,,,,,2.9,16.5,26.4,140,140,20200826,20200826,140,5.7,3.5,177.8,42.76,,,,,,,23.5,20.7,20200821,30.4,,,,,,,,,
170,완도,2020-09,21.9,25.7,18.8,29.4,14.9,20200901,20200920,1007.4,1011.5,1019.0,981.6,20200921,20200902,21.1,30.4,12.0,20200902,20200921,18.1,81,36,20200921,266.3,86.2,27.9,8.5,20200902,20200911.0,20200911.0,,,,,,,1.9,13.5,24.1,290,290,20200903,20200903,160,6.4,3.9,152.9,41.12,,,,,,,17.1,11.4,20200920,24.0,,,,,,,,,
170,완도,2020-10,16.7,21.5,12.8,26.3,9.0,20201003,20201030,1015.9,1020.0,1027.6,1010.5,20201031,20201004,12.2,21.3,5.0,20201003,20201029,9.3,64,21,20201029,20.1,20.0,3.4,0.7,20201021,20201021.0,20201021.0,,,,,,,1.6,6.2,12.0,290,320,20201023,20201023,320,5.0,3.1,235.5,67.13,,,,,,,8.4,1.9,20201030,18.3,,,,,,,,,
170,완도,2020-11,12.0,16.1,8.2,23.9,1.3,20201119,20201130,1020.3,1024.6,1035.5,1007.8,20201130,20201119,9.5,24.1,3.5,20201119,20201124,5.2,65,22,20201124,3.4,1.4,,,20201102,,,,,,,,,2.2,9.6,17.7,160,250,20201118,20201119,320,5.3,3.8,158.6,50.88,,,,,,,3.2,-4.3,20201130,11.8,,,,,,,,,
170,완도,2020-12,4.4,8.7,0.5,14.1,-5.3,20201228,20201231,1021.9,1026.3,1035.8,1015.0,20201201,20201213,5.4,9.7,1.2,20201228,20201219,-2.3,64,14,20201219,19.1,12.8,,,20201227,,,,,,,,,1.8,10.0,18.7,290,290,20201230,20201230,320,4.8,2.9,172.4,56.05,,,,,,,-5.5,-10.1,20201215,3.2,,,,,,,,,
170,완도,2021-01,3.3,7.8,-0.7,16.9,-10.2,20210115,20210107,1020.0,1024.5,1034.9,1014.2,20210103,20210123,5.8,12.7,2.0,20210122,20210119,-1.8,71,19,20210127,39.7,12.4,,,20210126,,,,,,,,,2.2,11.1,18.8,290,290,20210128,20210106,320,5.2,3.6,171.5,54.41,,,,,,,-5.2,-10.5,20210108,2.6,,,,,,,,,
170,완도,2021-02,6.5,11.0,2.4,20.0,-4.3,20210221,20210217,1017.3,1021.6,1031.0,1009.6,20210209,20210215,6.4,14.0,2.6,20210214,20210224,-0.3,64,18,20210213,46.5,21.7,,,20210201,,,,,,,,,2.9,12.1,17.5,110,110,20210227,20210227,320,5.1,3.5,166.8,54.35,,,,,,,-1.9,-8.1,20210209,5.6,,,,,,,,,
170,완도,2021-03,10.7,15.7,6.3,21.2,0.5,20210326,20210303,1015.3,1019.6,1031.7,1004.3,20210303,20210328,9.0,18.5,4.1,20210327,20210322,5.0,70,18,20210330,179.7,56.5,,,20210327,,,,,,,,,2.5,10.2,18.7,290,160,20210301,20210301,110,5.5,3.4,223.7,60.18,,,,,,,2.2,-3.6,20210303,10.9,,,,,,,,,
170,완도,2021-04,14.4,19.3,10.1,24.9,4.7,20210420,20210415,1014.3,1018.5,1032.4,1004.1,20210410,20210429,9.9,17.7,3.8,20210403,20210415,6.3,62,17,20210415,86.8,53.9,12.3,2.5,20210412,20210412.0,20210412.0,,,,,,,3.2,10.8,17.3,290,290,20210417,20210417,110,5.4,3.4,237.2,60.54,,,,,,,6.8,-0.4,20210415,16.0,,,,,,,,,
170,완도,2021-05,17.9,22.7,13.6,26.7,7.2,20210519,20210503,1006.2,1010.3,1021.4,1000.0,20210503,20210528,14.2,25.2,4.7,20210515,20210505,11.7,70,22,20210505,139.9,68.0,25.4,5.8,20210504,20210504.0,20210515.0,,,,,,,2.6,10.2,16.5,180,180,20210528,20210528,110,5.6,3.4,204.1,47.14,,,,,,,11.3,4.3,20210503,19.9,,,,,,,,,
170,완도,2021-06,22.3,26.4,19.0,30.7,15.8,20210621,20210620,1004.0,1008.1,1016.4,999.3,20210609,20210616,21.1,26.9,9.9,20210611,20210605,18.2,79,30,20210604,143.0,50.8,22.5,6.1,20210611,20210611.0,20210611.0,,,,,,,2.5,12.2,17.5,160,160,20210610,20210610,140,6.1,3.2,227.7,52.6,,,,,,,17.4,12.3,20210620,26.3,,,,,,,,,
170,완도,2021-07,26.1,29.6,23.3,31.6,19.4,20210731,20210705,1004.2,1008.2,1015.7,999.9,20210715,20210731,28.4,36.9,21.6,20210731,20210701,23.1,85,51,20210729,425.1,141.8,51.5,14.1,20210706,20210706.0,20210706.0,,,,,,,2.9,9.4,17.1,110,230,20210703,20210706,110,7.0,6.3,187.6,42.62,,,,,,,22.4,17.8,20210701,29.5,,,,,,,,,
170,완도,2021-08,26.3,29.9,23.4,34.1,20.2,20210807,20210819,1004.3,1008.3,1016.3,999.4,20210830,20210801,28.3,33.8,21.3,20210806,20210817,23.1,83,51,20210807,368.9,200.3,75.2,19.2,20210803,20210803.0,20210803.0,,,,,,,2.1,8.6,15.4,140,250,20210823,20210824,110,6.8,5.2,182.8,43.96,,,,,,,22.7,19.1,20210819,29.1,,,,,,,,,
170,완도,2021-09,23.2,26.5,20.6,30.0,16.1,20210922,20210924,1008.7,1012.8,1023.1,1002.8,20210925,20210917,22.9,32.2,14.1,20210901,20210924,19.5,81,46,20210923,115.1,34.8,30.0,12.0,20210929,20210929.0,20210929.0,,,,,,,2.7,10.0,14.2,160,160,20210921,20210921,110,7.1,4.5,119.5,32.12,,,,,,,19.0,13.8,20210924,24.5,,,,,,,,,
170,완도,2021-10,18.2,22.9,14.5,29.4,5.6,20211004,20211018,1016.6,1020.8,1029.2,1007.7,20211023,20211001,15.8,28.9,3.3,20211010,20211017,12.4,71,20,20211017,6.2,2.7,1.6,0.8,20211016,20211011.0,20211011.0,,,,,,,1.7,6.6,11.5,340,360,20211016,20211016,110,4.3,2.6,214.2,61.03,,,,,,,11.2,0.8,20211018,19.5,,,,,,,,,
170,완도,2021-11,12.0,16.7,7.9,21.7,3.1,20211107,20211128,1016.1,1020.4,1036.0,1008.8,20211128,20211110,9.7,18.8,4.8,20211108,20211127,6.1,69,29,20211127,53.0,27.6,,,20211130,,,,,,,,,2.3,10.5,19.1,290,290,20211130,20211130,290,4.2,2.6,185.7,59.56,,,,,,,3.3,-1.6,20211128,10.7,,,,,,,,,
170,완도,2021-12,5.9,10.3,2.1,16.8,-6.8,20211210,20211226,1020.8,1025.2,1036.1,1016.0,20211226,20211221,6.3,11.7,2.8,20211210,20211226,-0.2,66,20,20211223,3.3,1.8,,,20211217,,,,,,,,,2.2,10.3,19.2,290,290,20211230,20211217,320,4.6,3.2,169.0,54.94,,,,,,,-2.7,-9.1,20211227,4.1,,,,,,,,,
170,완도,2022-01,3.2,7.6,-0.2,12.5,-4.5,20220123,20220119,1020.2,1024.7,1033.3,1016.1,20220101,20220111,4.7,8.4,1.8,20220122,20220101,-4.1,60,18,20220101,3.1,2.5,,,20220105,,,,,,,,,2.0,7.2,15.6,340,320,20220116,20220111,320,5.2,3.9,187.2,59.41,,,,,,,-5.3,-10.1,20220119,2.3,,,,,,,,,
170,완도,2022-02,3.3,7.8,-0.4,14.6,-4.1,20220212,20220218,1021.7,1026.1,1034.4,1017.7,20220223,20220228,4.3,8.9,2.3,20220226,20220227,-5.0,56,16,20220212,0.4,0.1,,,20220220,,,,,,,,,2.4,9.6,15.1,290,320,20220226,20220215,320,5.1,3.7,201.3,65.61,,,,,,,-5.3,-9.3,20220204,3.9,,,,,,,,,
170,완도,2022-03,9.8,15.0,5.2,22.8,0.1,20220312,20220307,1013.7,1018.0,1027.8,1000.7,20220328,20220326,8.5,18.8,2.6,20220326,20220307,3.7,69,18,20220307,111.9,28.7,,,20220326,,,,,,,,,2.4,11.7,19.9,140,140,20220325,20220325,290,5.6,3.7,188.8,50.83,,,,,,,1.5,-4.9,20220308,10.3,,,,,,,,,
170,완도,2022-04,14.9,21.0,10.1,26.4,3.8,20220424,20220402,1013.2,1017.4,1030.1,1001.4,20220401,20220426,11.0,23.4,3.1,20220426,20220405,7.1,64,13,20220405,101.7,64.6,21.3,6.7,20220425,20220425.0,20220425.0,,,,,,,2.0,9.8,15.1,140,200,20220413,20220426,110,5.2,2.8,223.6,57.11,,,,,,,7.3,-1.2,20220405,18.4,,,,,,,,,
170,완도,2022-05,18.8,24.5,13.9,30.4,7.1,20220523,20220503,1009.2,1013.4,1022.2,1001.5,20220503,20220530,12.9,20.9,5.0,20220530,20220501,10.2,61,22,20220528,13.3,5.4,1.9,1.5,20220529,20220529.0,20220520.0,,,,,,,2.1,8.1,11.3,140,250,20220508,20220527,270,4.2,1.8,278.6,64.37,,,,,,,11.9,4.7,20220503,23.8,,,,,,,,,
170,완도,2022-06,22.7,26.8,19.6,31.9,15.5,20220630,20220602,1004.1,1008.2,1014.9,996.6,20220609,20220605,22.5,31.9,10.9,20220630,20220601,19.1,81,38,20220601,76.4,28.4,18.1,8.0,20220605,20220624.0,20220624.0,,,,,,,2.7,10.1,15.9,110,180,20220605,20220624,140,6.8,4.3,187.6,43.33,,,,,,,19.2,14.1,20220602,25.6,,,,,,,,,
170,완도,2022-07,26.5,30.3,23.7,33.1,21.5,20220705,20220723,1002.2,1006.2,1016.0,997.1,20220701,20220718,28.2,33.6,22.8,20220731,20220716,23.0,82,51,20220716,111.5,38.6,15.1,8.2,20220731,20220731.0,20220731.0,,,,,,,2.8,10.0,14.8,140,90,20220731,20220730,140,6.4,4.0,200.8,45.58,,,,,,,24.1,20.3,20220716,29.1,,,,,,,,,
170,완도,2022-08,27.0,30.6,24.1,33.1,18.4,20220807,20220828,1003.9,1007.9,1015.4,1000.3,20220828,20220801,28.8,36.3,14.4,20220804,20220827,23.2,81,38,20220827,58.1,12.6,8.0,6.6,20220816,20220816.0,20220816.0,,,,,,,2.1,10.5,15.7,140,110,20220801,20220801,250,6.9,3.4,116.1,39.0,,,,,,,26.4,20.5,20220831,28.6,,,,,,,,,
170,완도,2022-09,22.8,26.9,19.6,33.8,14.8,20220918,20220930,1008.0,1012.0,1018.8,981.3,20220908,20220906,21.3,30.6,11.1,20220918,20220924,18.2,77,33,20220924,160.4,126.5,19.3,6.4,20220905,20220905.0,20220905.0,,,,,,,2.1,10.9,17.0,160,270,20220904,20220906,110,6.9,4.1,144.5,45.04,,,,,,,18.8,12.1,20220930,24.4,,,,,,,,,
170,완도,2022-10,16.7,21.8,12.6,29.7,6.6,20221003,20221025,1017.4,1021.6,1029.1,1010.6,20221020,20221004,12.8,27.7,5.7,20221003,20221025,9.9,66,22,20221027,14.7,8.9,6.5,3.5,20221004,20221004.0,20221004.0,,,,,,,1.8,7.1,14.3,250,230,20221004,20221004,320,4.3,2.0,248.7,70.77,,,,,,,10.0,2.7,20221025,18.7,,,,,,,,,
170,완도,2022-11,12.9,18.2,8.5,21.9,0.1,20221101,20221130,1016.9,1021.2,1033.4,1007.0,20221130,20221129,10.4,22.5,3.7,20221112,20221130,6.9,69,27,20221109,36.1,16.0,,,20221113,,,,,,,,,1.8,7.4,13.9,160,230,20221128,20221113,320,4.5,2.2,180.6,57.88,,,,,,,4.5,-0.8,20221130,12.3,,,,,,,,,
170,완도,2022-12,3.6,7.4,0.0,12.8,-5.5,20221208,20221219,1020.5,1024.9,1033.8,1009.4,20221229,20221221,5.1,9.4,1.7,20221221,20221217,-3.0,64,23,20221205,16.8,7.6,,,20221222,,,,,,,,,2.3,10.1,18.3,290,290,20221218,20221213,290,5.7,3.3,161.0,52.34,0.22,,,,,,-2.9,-6.5,20221215,2.4,,,,,,,,,
170,완도,2023-01,3.5,8.1,-0.4,18.8,-9.9,20230113,20230125,1020.4,1024.9,1034.0,1010.0,20230125,20230113,5.6,19.5,1.9,20230113,20230125,-2.3,67,34,20230130,63.0,56.3,,,20230113,,,,,,,,,2.2,10.2,17.9,160,290,20230113,20230107,320,4.2,2.6,183.8,58.39,,,,,,,-4.6,-11.8,20230125,2.1,,,,,,,,,
170,완도,2023-02,5.1,10.1,0.8,15.7,-2.6,20230228,20230205,1021.0,1025.4,1038.2,1014.4,20230226,20230213,5.7,11.2,2.2,20230219,20230221,-1.7,64,19,20230207,42.5,14.2,,,20230210,,,,,,,,,,7.3,11.6,110,320,20230209,20230201,320,4.7,3.3,176.7,57.63,,,,,,,-3.7,-10.4,20230205,4.5,,,,,,,,,
170,완도,2023-03,10.9,17.0,5.9,25.3,-0.1,20230331,20230314,1016.4,1020.7,1030.6,1003.2,20230303,20230323,8.4,17.7,2.5,20230323,20230316,3.3,63,12,20230331,35.9,13.2,,,20230324,,,,,,,,,1.8,7.3,15.1,270,340,20230312,20230312,140,4.2,3.0,226.8,61.12,,,,,,,1.7,-4.9,20230314,12.3,,,,,,,,,
170,완도,2023-04,14.2,19.3,9.6,26.2,4.0,20230420,20230427,1011.4,1015.6,1024.7,1003.0,20230424,20230416,11.3,21.8,2.1,20230419,20230413,8.0,70,14,20230412,163.5,98.8,13.2,3.8,20230405,20230405.0,20230404.0,,,,,,,2.8,11.1,18.5,160,250,20230405,20230418,140,5.1,1.9,189.5,48.4,,,,,,,6.5,0.2,20230409,16.1,,,,,,,,,
170,완도,2023-05,18.3,23.0,14.5,28.5,8.8,20230516,20230509,1009.4,1013.5,1025.1,1000.4,20230502,20230506,16.5,27.6,5.4,20230528,20230501,14.0,79,19,20230501,319.9,122.5,21.5,7.8,20230504,20230504.0,20230504.0,,,,,,,2.5,13.5,18.6,140,140,20230504,20230504,140,6.1,4.3,183.9,42.51,,,,,,,12.4,6.0,20230509,21.3,,,,,,,,,
170,완도,2023-06,22.6,26.8,19.4,29.4,16.4,20230617,20230606,1003.9,1008.0,1016.2,1000.1,20230624,20230630,21.8,31.5,9.7,20230628,20230603,18.5,80,34,20230604,158.6,48.9,11.1,8.1,20230625,20230625.0,20230627.0,,,,,,,2.4,9.5,14.8,140,200,20230620,20230629,140,6.3,4.2,193.4,44.65,,,,,,,17.7,12.7,20230616,26.7,,,,,,,,,
170,완도,2023-07,25.7,29.0,23.5,32.8,20.8,20230731,20230706,1004.5,1008.5,1016.3,996.5,20230726,20230705,29.8,37.4,23.4,20230726,20230705,24.0,91,57,20230731,433.0,87.9,26.4,14.5,20230716,20230716.0,20230724.0,,,,,,,2.3,8.7,16.6,180,250,20230713,20230715,140,7.7,5.4,107.9,24.49,,,,,,,23.7,19.2,20230706,27.9,,,,,,,,,
170,완도,2023-08,27.3,31.5,24.0,34.9,20.6,20230807,20230831,1001.5,1005.4,1012.6,991.7,20230820,20230810,29.7,34.8,20.6,20230829,20230831,23.8,82,55,20230816,191.8,72.3,41.9,15.0,20230830,20230830.0,20230830.0,,,,,,,1.7,10.8,15.4,160,180,20230828,20230828,140,5.0,2.1,257.3,61.79,,,,,,,23.9,20.5,20230812,32.3,,,,,,,,,
170,완도,2023-09,24.5,28.6,21.4,31.9,16.8,20230906,20230930,1008.5,1012.6,1019.6,1003.7,20230923,20230921,24.8,32.4,15.3,20230904,20230930,20.8,81,39,20230907,110.2,36.8,33.4,13.6,20230913,20230913.0,20230913.0,,,,,,,1.6,7.6,13.8,180,180,20230920,20230920,110,6.0,3.2,182.5,48.99,,,,,,,20.8,16.1,20230923,27.3,,,,,,,,,
170,완도,2023-10,17.8,22.7,13.7,25.4,9.7,20231004,20231021,1014.9,1019.1,1026.1,1009.3,20231012,20231014,13.8,20.5,8.1,20231001,20231021,11.5,69,28,20231031,8.1,4.8,1.7,0.6,20231007,20231007.0,20231007.0,,,,,,,1.6,6.9,11.5,290,290,20231016,20231020,320,4.0,2.2,234.2,66.63,,,,,,,9.5,3.7,20231031,19.7,,,,,,,,,
170,완도,2023-11,11.3,15.9,7.1,26.3,-0.5,20231103,20231126,1017.8,1022.1,1034.3,1006.3,20231125,20231106,10.2,24.7,2.9,20231105,20231126,5.6,70,22,20231126,110.1,59.2,,,20231106,,,,,,,,,2.3,10.7,15.7,160,160,20231105,20231105,290,5.3,3.3,166.8,53.41,,,,,,,3.0,-3.9,20231126,10.0,,,,,,,,,
170,완도,2023-12,6.4,10.3,2.6,20.3,-6.3,20231208,20231222,1020.2,1024.5,1038.9,1008.8,20231222,20231206,7.8,20.4,3.1,20231215,20231222,2.1,75,36,20231207,78.7,39.8,,,20231214,,,,,,,,,2.1,10.4,19.4,290,270,20231216,20231216,290,6.1,4.5,115.6,37.58,,,,,,,-0.7,-6.1,20231222,4.8,,,,,,,,,
170,완도,2024-01,4.5,8.3,1.1,15.8,-3.3,20240114,20240123,1020.6,1025.0,1033.2,1016.8,20240116,20240110,6.2,14.5,2.8,20240118,20240115,-0.5,71,30,20240116,64.3,38.6,,,20240120,,,,,,,,,2.0,7.2,12.4,290,290,20240103,20240124,320,4.9,3.7,150.0,47.66,,,,,,,-2.7,-6.6,20240116,2.9,,,,,,,,,
170,완도,2024-02,7.0,11.1,3.7,20.4,-1.0,20240214,20240216,1019.4,1023.7,1032.0,1009.3,20240212,20240219,8.0,19.1,4.0,20240219,20240209,3.2,78,36,20240211,147.4,50.3,,,20240218,,,,,,,,,2.4,9.3,18.2,110,250,20240221,20240219,110,6.4,4.6,109.3,34.38,,,,,,,0.6,-5.1,20240209,6.4,,,,,,,,,
170,완도,2024-03,8.8,14.0,4.4,21.7,-3.1,20240323,20240302,1014.5,1018.9,1030.9,1003.2,20240310,20240328,8.1,15.8,2.9,20240328,20240310,3.0,69,19,20240316,103.1,40.0,,,20240328,,,14.8,4.2,10.3,2.9,20240330.0,20240330.0,2.7,10.2,17.8,290,230,20240319,20240322,290,4.8,3.4,184.4,49.6,64.89,,,,,,1.0,-6.0,20240302,9.1,,,,,,,,,
170,완도,2024-04,15.6,21.2,11.2,27.4,6.9,20240427,20240401,1009.6,1013.8,1027.3,1002.6,20240410,20240403,13.1,18.8,4.0,20240415,20240401,10.7,75,17,20240401,216.6,56.8,13.7,5.6,20240429,20240415.0,20240415.0,117.4,7.4,82.0,5.2,20240418.0,20240418.0,2.6,11.6,17.2,140,140,20240415,20240415,140,6.0,3.9,173.5,44.25,486.25,,,,,,9.2,2.6,20240401,17.9,,,,,,,,,
170,완도,2024-05,18.8,24.7,13.7,30.3,10.1,20240524,20240510,1009.8,1013.9,1021.1,1002.7,20240510,20240527,14.5,24.6,7.3,20240526,20240509,12.1,69,24,20240517,192.6,139.9,15.9,4.9,20240505,20240505.0,20240505.0,196.2,10.4,137.6,7.3,20240516.0,20240516.0,3.0,15.4,23.7,160,180,20240505,20240505,140,4.2,2.5,265.0,61.19,698.46,,,,,,11.5,6.9,20240515,22.6,,,,,,,,,
170,완도,2024-06,22.7,27.9,18.7,34.2,14.2,20240618,20240603,1004.6,1008.7,1019.5,996.7,20240605,20240622,20.8,30.7,11.1,20240622,20240603,17.9,76,31,20240618,224.3,64.7,17.3,6.4,20240630,20240630.0,20240622.0,141.5,9.2,99.1,6.5,20240618.0,20240618.0,2.4,11.3,22.2,140,250,20240620,20240630,140,6.6,3.6,186.4,43.04,548.54,,,,,,16.2,11.0,20240605,26.1,,,,,,,,,
170,완도,2024-07,26.9,30.6,24.1,34.3,20.9,20240728,20240713,1003.9,1008.0,1017.0,1000.7,20240727,20240710,30.3,38.0,22.8,20240725,20240713,24.2,86,57,20240731,343.5,114.9,44.3,18.2,20240716,20240716.0,20240716.0,144.0,7.7,101.1,5.4,20240729.0,20240729.0,3.2,11.5,21.0,180,270,20240710,20240710,250,6.2,3.7,153.4,34.86,536.04,,,,,,23.7,19.8,20240713,28.9,,,,,,,,,
170,완도,2024-08,29.3,34.8,25.3,37.0,22.7,20240803,20240831,1003.3,1007.2,1012.5,1001.7,20240824,20240829,31.2,41.2,22.5,20240803,20240811,24.7,78,48,20240829,21.8,16.0,4.9,3.9,20240820,20240820.0,20240820.0,188.8,8.1,132.0,5.7,20240818.0,20240818.0,2.1,9.8,15.8,160,160,20240820,20240820,140,3.7,1.4,287.7,69.19,685.58,,,,,,24.4,19.6,20240831,32.9,,,,,,,,,
170,완도,2024-09,26.9,32.1,23.2,35.7,18.6,20240914,20240930,1008.4,1012.4,1019.9,999.2,20240929,20240921,28.2,38.5,16.6,20240918,20240924,22.9,80,42,20240927,362.6,125.7,64.8,17.9,20240921,20240921.0,20240921.0,148.7,7.5,103.9,5.3,20240909.0,20240909.0,2.4,12.6,21.3,180,180,20240920,20240920,140,4.8,2.5,191.9,51.61,489.69,,,,,,21.7,15.5,20240930,29.1,,,,,,,,,
170,완도,2024-10,18.8,24.1,15.2,27.9,10.6,20241018,20241024,1015.0,1019.1,1029.4,1009.6,20241020,20241001,16.8,30.9,8.8,20241018,20241024,14.4,77,33,20241024,123.1,67.3,20.4,7.8,20241022,20241022.0,20241021.0,101.9,5.4,71.2,3.8,20241004.0,20241004.0,2.2,8.5,15.6,290,320,20241022,20241023,90,6.4,3.8,131.9,37.6,356.12,,,,,,12.6,6.7,20241024,19.5,,,,,,,,,
170,완도,2024-11,13.5,18.7,9.1,25.0,2.3,20241116,20241118,1017.6,1022.8,1032.3,1010.4,20241118,20241102,11.3,20.8,2.7,20241102,20241118,7.8,70,19,20241118,161.5,90.1,,,20241101,,,76.3,4.6,53.3,3.2,20241105.0,20241105.0,2.6,10.6,18.4,290,320,20241127,20241127,290,4.9,3.1,144.4,46.33,299.47,,,,,,5.2,-2.5,20241118,12.2,,,,,,,,,
170,완도,2024-12,5.0,9.9,1.7,18.2,-2.7,20241202,20241219,1019.5,1024.3,1031.6,1016.6,20241219,20241202,5.5,11.6,2.9,20241202,20241219,-1.5,65,26,20241219,2.9,1.8,,,20241207,,,66.1,3.7,46.4,2.6,20241205.0,20241205.0,2.6,9.1,16.4,290,360,20241228,20241222,290,4.5,3.0,162.8,52.93,273.02,,,,,,-3.2,-8.0,20241219,4.3,,,,,,,,,
184,제주,2020-01,8.9,11.0,7.0,23.6,2.4,20200107,20200101,1020.4,1023.0,1034.9,1006.8,20200101,20200107,7.7,19.1,4.2,20200107,20200116,2.6,66,39,20200120,116.7,60.3,,,20200127,,,65.9,4.5,46.4,3.2,20200107.0,20200107.0,3.5,11.5,23.5,200,250,20200107,20200107,320,8.0,6.5,47.5,15.0,163.1,,,,,,3.8,-2.0,20200105,8.1,9.4,9.7,9.9,10.8,11.8,12.9,13.3,17.7,19.6
184,제주,2020-02,9.1,12.3,6.1,21.8,0.5,20200225,20200218,1022.4,1024.9,1034.8,1012.4,20200221,20200225,8.0,16.9,3.3,20200225,20200206,2.9,66,37,20200224,29.8,14.2,,,20200229,,,76.6,4.4,53.7,3.1,20200220.0,20200220.0,3.3,12.9,23.5,320,340,20200217,20200217,320,6.2,4.9,115.7,36.32,283.9,,,,,,1.5,-4.2,20200219,8.9,9.6,9.9,10.0,10.7,11.2,11.6,11.6,15.9,18.7
184,제주,2020-03,11.5,15.1,7.9,23.2,2.5,20200326,20200306,1016.2,1018.7,1028.7,1004.1,20200305,20200310,8.7,20.9,3.1,20200326,20200320,4.2,63,17,20200320,81.6,25.3,,,20200309,,,121.5,6.8,85.1,4.7,20200317.0,20200317.0,3.2,10.4,17.7,320,250,20200310,20200319,320,5.1,3.1,196.3,52.78,463.7,,,,,,2.5,-4.1,20200306,12.7,12.1,12.3,12.3,12.5,12.5,12.2,12.0,14.8,17.9
184,제주,2020-04,13.2,16.9,9.8,24.8,6.0,20200430,20200406,1016.5,1019.0,1026.7,1003.0,20200410,20200419,8.4,16.9,3.2,20200417,20200424,3.9,56,16,20200407,82.3,25.4,7.0,2.9,20200412,20200412.0,20200412.0,168.5,9.5,118.0,6.6,20200425.0,20200425.0,3.3,10.1,19.5,230,230,20200425,20200425,290,3.9,2.0,261.7,66.9,631.61,,,,,,4.1,-0.4,20200406,15.9,15.0,15.5,15.2,15.1,14.9,14.2,13.4,14.5,17.1
184,제주,2020-05,18.8,23.4,15.6,29.5,13.2,20200518,20200513,1008.6,1011.0,1019.6,995.7,20200513,20200518,15.9,24.3,7.0,20200515,20200513,13.6,74,25,20200514,20.6,5.3,3.2,1.5,20200516,20200509.0,20200509.0,156.7,9.1,109.9,6.4,20200512.0,20200512.0,2.9,12.1,21.5,250,200,20200519,20200509,270,5.6,3.3,210.0,48.69,614.98,,,,,,12.0,6.5,20200513,21.5,20.5,21.1,20.7,20.0,19.6,18.2,16.2,15.1,16.5
184,제주,2020-06,22.4,26.1,19.8,30.9,15.0,20200623,20200602,1004.6,1007.0,1015.6,990.7,20200608,20200629,22.5,31.9,7.9,20200613,20200602,19.2,83,42,20200608,221.5,49.3,23.3,10.4,20200618,20200624.0,20200614.0,129.6,8.9,90.8,6.3,20200609.0,20200609.0,2.7,12.8,27.2,250,230,20200630,20200629,50,6.7,3.7,164.4,38.16,514.61,,,,,,17.3,7.9,20200602,24.4,23.7,24.6,24.1,23.5,23.2,21.9,19.9,17.6,16.8
184,제주,2020-07,24.2,27.3,21.8,34.3,19.2,20200719,20200705,1004.7,1007.1,1016.4,998.2,20200731,20200710,25.6,33.6,16.2,20200728,20200702,21.3,85,48,20200719,184.7,71.5,36.0,10.7,20200727,20200727.0,20200727.0,125.7,7.4,87.9,5.2,20200719.0,20200719.0,2.9,12.1,20.3,200,200,20200720,20200719,270,7.9,5.1,114.4,26.14,466.66,,,,,,20.4,15.8,20200702,25.3,25.1,26.1,25.6,25.3,25.2,24.0,22.5,20.4,17.9
184,제주,2020-08,29.4,32.8,26.8,36.3,24.3,20200815,20200822,1006.7,1009.1,1014.9,991.8,20200817,20200826,29.9,35.2,21.0,20200827,20200815,24.0,74,34,20200815,140.4,114.3,26.0,9.0,20200826,20200826.0,20200826.0,195.1,9.3,136.7,6.5,20200813.0,20200813.0,2.9,13.5,27.3,140,140,20200826,20200826,20,5.2,2.6,239.5,57.82,609.75,,,,,,23.6,20.9,20200821,30.4,29.1,30.3,29.9,29.3,29.0,27.5,25.5,22.8,19.0
184,제주,2020-09,22.9,25.6,20.6,30.7,16.8,20200908,20200919,1009.2,1011.6,1019.1,978.6,20200920,20200902,21.1,33.8,10.9,20200901,20200919,18.0,76,31,20200920,400.5,183.6,27.6,6.9,20200902,20200902.0,20200902.0,113.7,7.1,79.8,4.9,20200903.0,20200903.0,3.0,25.0,37.1,20,20,20200902,20200902,50,6.7,4.3,134.3,36.16,376.53,,,,,,17.4,12.0,20200919,23.8,23.8,24.3,24.7,25.0,25.7,25.8,25.4,23.4,20.7
184,제주,2020-10,18.4,21.2,16.0,25.5,12.1,20201002,20201026,1017.8,1020.3,1026.6,1011.1,20201031,20201004,13.0,22.1,6.9,20201004,20201029,10.5,61,30,20201014,53.7,46.4,12.0,6.0,20201021,20201021.0,20201021.0,135.1,7.0,94.7,4.9,20201014.0,20201014.0,2.9,8.8,18.5,70,340,20201008,20201023,180,5.5,3.7,180.0,51.21,404.97,,,,,,11.8,6.1,20201029,19.5,19.8,20.1,20.6,21.2,21.9,22.3,22.1,21.9,20.6
184,제주,2020-11,14.1,17.3,11.2,26.7,7.6,20201117,20201129,1022.4,1024.9,1035.7,1008.6,20201130,20201119,10.8,25.0,4.5,20201119,20201124,7.3,65,28,20201124,28.2,12.2,,,20201119,,,90.8,5.3,63.6,3.7,20201108.0,20201108.0,2.9,9.9,17.2,200,230,20201119,20201119,360,5.8,4.5,130.3,41.59,268.92,,,,,,6.2,1.9,20201124,13.0,15.2,15.6,15.8,16.6,17.3,18.3,18.7,20.5,20.3
184,제주,2020-12,7.7,10.4,5.0,15.0,-1.4,20201223,20201230,1023.8,1026.4,1035.4,1014.6,20201201,20201229,6.5,12.3,3.6,20201229,20201219,0.4,61,29,20201210,29.5,14.4,,,20201227,,,71.0,3.6,49.7,2.5,20201224.0,20201224.0,3.4,12.7,23.8,320,340,20201230,20201230,360,6.7,5.6,96.2,31.07,205.64,2.1,2.0,4.7,20201231.0,20201230.0,0.5,-2.8,20201226,7.1,9.6,9.8,10.2,11.6,12.8,14.7,15.0,18.9,19.8
184,제주,2021-01,6.8,9.8,3.9,18.2,-3.1,20210115,20210107,1021.9,1024.5,1035.2,1012.4,20210103,20210123,6.6,14.9,3.3,20210122,20210119,0.3,65,37,20210119,116.6,57.8,,,20210123,,,72.1,4.3,50.0,3.0,20210113.0,20210113.0,3.9,12.2,23.4,320,320,20210107,20210107,320,6.9,5.7,96.5,30.41,216.43,9.2,6.5,13.2,20210109.0,20210107.0,0.5,-5.8,20210119,5.5,7.3,7.4,7.5,8.3,8.8,9.6,9.7,15.6,18.7
184,제주,2021-02,9.4,12.8,6.4,23.7,-1.2,20210221,20210217,1019.4,1021.9,1031.7,1010.3,20210208,20210214,7.4,15.1,3.2,20210214,20210217,1.9,62,22,20210219,52.8,22.4,,,20210201,,,95.0,9.2,66.4,6.5,20210221.0,20210221.0,3.9,11.3,22.2,320,90,20210217,20210226,320,5.7,4.0,141.2,45.86,311.14,1.8,1.6,2.0,20210218.0,20210218.0,1.8,-6.3,20210204,9.0,9.2,9.3,9.3,9.6,9.6,10.0,10.1,13.9,17.6
184,제주,2021-03,12.5,16.1,9.3,21.9,4.8,20210301,20210303,1017.3,1019.8,1030.4,1005.6,20210303,20210328,10.0,18.8,3.0,20210327,20210330,6.4,68,14,20210330,81.1,26.9,,,20210304,,,111.8,6.0,77.9,4.2,20210322.0,20210322.0,3.1,10.5,17.8,320,290,20210321,20210321,70,5.9,3.5,177.0,47.62,453.55,,,,,,4.8,-1.1,20210303,13.7,12.8,13.1,13.0,12.9,12.9,12.3,12.1,13.8,17.0
184,제주,2021-04,15.4,19.2,12.2,25.9,8.2,20210422,20210414,1016.2,1018.7,1031.4,1003.2,20210410,20210430,11.1,19.4,3.6,20210403,20210429,7.8,63,12,20210429,58.8,16.9,7.5,2.6,20210412,20210430.0,20210430.0,157.1,8.6,110.1,6.0,20210429.0,20210429.0,3.2,10.7,22.9,200,200,20210430,20210429,90,5.5,3.3,216.7,55.44,589.31,,,,,,8.2,1.3,20210419,18.5,16.3,16.9,16.8,16.5,16.5,15.2,14.2,14.2,16.4
184,제주,2021-05,19.0,23.5,15.6,30.9,9.4,20210515,20210503,1008.0,1010.4,1021.8,1000.6,20210503,20210528,15.1,26.4,3.8,20210516,20210509,12.5,68,13,20210509,100.7,24.4,8.0,2.8,20210520,20210520.0,20210516.0,173.4,8.1,121.3,5.6,20210509.0,20210509.0,3.0,10.9,19.1,230,230,20210528,20210528,270,5.8,3.3,231.5,53.69,645.53,,,,,,12.0,3.9,20210506,21.9,20.2,20.8,20.7,20.3,20.3,18.8,17.1,15.6,16.2
184,제주,2021-06,23.4,27.0,20.8,31.5,18.4,20210609,20210604,1005.5,1007.9,1015.9,996.1,20210607,20210615,21.5,27.7,7.1,20210615,20210604,18.5,75,28,20210604,122.4,86.8,22.5,6.6,20210611,20210611.0,20210611.0,158.8,7.5,111.3,5.2,20210620.0,20210620.0,2.4,7.6,14.4,250,140,20210603,20210610,50,6.7,3.8,200.1,46.45,604.98,,,,,,20.5,17.8,20210601,27.5,24.5,25.3,25.1,24.5,24.6,22.8,20.7,18.3,16.6
184,제주,2021-07,27.8,31.1,25.5,34.2,22.7,20210728,20210704,1005.6,1007.9,1015.4,1000.4,20210715,20210730,28.7,35.0,20.9,20210731,20210728,23.3,78,45,20210727,247.1,155.3,99.2,22.6,20210731,20210731.0,20210731.0,171.4,9.2,119.8,6.4,20210728.0,20210728.0,3.1,10.7,20.3,230,200,20210703,20210703,50,7.3,4.0,171.5,39.16,551.05,,,,,,23.6,20.4,20210729,30.2,27.6,28.5,28.4,28.0,27.9,26.3,24.2,21.1,17.8
184,제주,2021-08,27.3,30.3,25.0,33.8,22.2,20210804,20210814,1006.0,1008.3,1016.7,998.9,20210830,20210823,28.3,34.8,20.8,20210806,20210820,23.1,79,49,20210803,227.8,57.7,15.2,8.2,20210814,20210802.0,20210825.0,152.5,9.7,106.7,6.8,20210827.0,20210827.0,2.5,10.5,22.9,140,110,20210824,20210821,110,6.6,4.3,170.5,41.12,500.53,,,,,,22.6,18.8,20210819,29.0,27.8,28.6,28.7,28.7,28.4,27.8,26.6,24.0,19.5
184,제주,2021-09,24.9,28.0,22.5,33.3,19.0,20210901,20210924,1010.0,1012.4,1022.2,997.5,20210924,20210917,26.2,35.0,16.2,20210901,20210924,21.8,84,54,20210923,493.1,155.0,71.7,22.3,20210917,20210917.0,20210917.0,112.4,6.5,78.4,4.6,20210922.0,20210922.0,3.4,15.3,24.2,50,50,20210917,20210917,90,7.0,4.9,129.3,34.8,368.49,,,,,,19.7,14.1,20210924,26.3,26.0,26.1,26.3,26.2,26.1,25.9,25.5,23.5,20.9
184,제주,2021-10,20.1,23.8,17.1,31.8,9.0,20211010,20211018,1018.4,1020.8,1029.0,1008.2,20211017,20211001,18.0,30.6,7.2,20211010,20211017,14.8,73,39,20211017,32.1,16.4,4.3,1.9,20211012,20211012.0,20211012.0,122.2,6.4,85.5,4.5,20211003.0,20211003.0,2.9,10.5,16.7,20,20,20211016,20211016,20,4.8,3.1,193.9,55.1,398.98,,,,,,12.5,3.4,20211018,21.3,21.7,21.9,22.4,22.7,23.0,23.5,23.4,22.7,21.1
184,제주,2021-11,14.0,18.1,10.9,23.2,7.0,20211107,20211130,1018.4,1020.9,1035.4,1010.6,20211127,20211110,10.6,19.0,5.7,20211108,20211122,7.5,66,36,20211117,63.8,34.5,,,20211108,,,100.8,4.3,70.6,3.0,20211114.0,20211114.0,3.7,12.6,22.5,340,320,20211111,20211111,320,5.3,3.7,151.2,48.26,273.16,,,,,,5.1,-1.5,20211128,13.2,14.7,14.9,15.4,16.0,16.7,18.1,18.5,20.6,20.7
184,제주,2021-12,8.9,12.2,6.3,17.4,-0.5,20211221,20211226,1023.2,1025.7,1035.5,1016.8,20211226,20211221,7.7,13.5,4.3,20211210,20211225,2.8,67,30,20211222,31.4,21.5,,,20211216,,,75.1,4.0,52.7,2.8,20211220.0,20211220.0,4.2,14.0,25.2,340,340,20211217,20211217,340,6.4,5.7,85.9,27.75,167.0,4.4,4.4,6.2,20211226.0,20211226.0,2.2,-1.5,20211222,7.8,9.8,9.9,10.5,11.3,12.2,14.0,14.4,18.5,19.8
184,제주,2022-01,6.2,9.1,3.9,14.4,0.3,20220122,20220121,1022.5,1025.0,1032.9,1016.4,20220101,20220111,6.5,11.5,3.4,20220123,20220119,0.5,68,25,20220119,33.6,18.8,,,20220105,,,62.3,3.2,43.6,2.3,20220119.0,20220119.0,3.5,10.8,20.5,340,320,20220111,20220111,340,7.0,5.7,80.8,25.49,193.02,0.4,0.4,0.4,20220111.0,20220111.0,-0.2,-7.4,20220119,5.9,7.2,7.3,7.7,8.2,9.1,10.9,11.4,16.7,19.0
184,제주,2022-02,5.6,8.7,2.9,16.2,0.0,20220226,20220220,1024.1,1026.6,1035.0,1017.0,20220223,20220228,5.6,10.0,3.5,20220213,20220227,-1.5,62,24,20220226,25.1,11.3,,,20220219,,,73.9,6.0,51.7,4.2,20220226.0,20220226.0,4.1,10.2,20.0,340,340,20220219,20220220,340,6.6,5.3,92.3,29.99,253.06,0.3,0.3,0.3,20220220.0,20220220.0,-0.8,-6.9,20220218,6.1,6.9,7.1,7.4,7.9,8.5,9.7,10.0,14.9,18.2
184,제주,2022-03,11.4,15.5,7.8,22.3,4.5,20220312,20220306,1015.9,1018.4,1027.8,1001.4,20220331,20220326,9.8,20.1,3.6,20220326,20220327,5.8,70,18,20220327,96.1,32.1,,,20220318,,,98.8,6.9,69.2,4.8,20220327.0,20220327.0,3.2,12.1,21.0,180,180,20220325,20220325,290,5.9,3.5,163.8,44.09,409.19,,,,,,2.7,-4.1,20220310,12.4,11.9,11.8,11.8,11.4,11.3,10.7,10.7,13.5,17.2
184,제주,2022-04,15.5,19.6,11.9,26.7,5.6,20220425,20220403,1015.3,1017.8,1030.0,1001.2,20220404,20220426,12.6,26.9,4.8,20220425,20220417,9.5,70,25,20220417,84.0,26.0,9.2,4.7,20220429,20220425.0,20220425.0,144.8,7.0,101.6,4.9,20220408.0,20220408.0,2.8,10.8,20.1,50,250,20220414,20220426,50,5.0,2.9,236.6,60.57,599.27,,,,,,7.0,-0.7,20220403,19.1,17.4,17.3,17.2,16.7,16.4,14.8,13.9,13.9,16.5
184,제주,2022-05,19.4,23.1,15.8,29.0,9.5,20220527,20220503,1011.4,1013.8,1022.4,1000.6,20220503,20220530,14.6,22.8,4.2,20220530,20220502,12.0,65,20,20220527,9.1,8.9,3.3,1.3,20220513,20220513.0,20220513.0,184.9,12.2,129.5,8.6,20220527.0,20220527.0,2.9,8.3,13.7,20,20,20220513,20220513,50,5.1,2.7,253.2,58.76,653.49,,,,,,11.1,2.8,20220503,24.4,21.6,21.5,21.6,21.2,20.8,18.8,17.2,15.6,16.1
184,제주,2022-06,23.9,27.5,21.1,34.4,17.3,20220626,20220605,1005.6,1008.0,1014.2,995.9,20220630,20220605,23.8,32.2,12.8,20220630,20220601,20.1,81,47,20220626,143.6,71.4,21.4,7.2,20220624,20220624.0,20220624.0,170.1,9.6,119.0,6.7,20220623.0,20220623.0,3.3,11.7,22.3,250,250,20220624,20220624,50,6.3,3.9,212.9,49.42,611.4,,,,,,19.5,14.0,20220602,28.3,25.9,26.0,25.9,25.4,24.9,22.5,20.4,17.9,16.5
184,제주,2022-07,28.4,31.8,25.7,36.0,23.2,20220728,20220716,1003.8,1006.2,1015.0,997.7,20220701,20220718,30.6,38.0,21.7,20220714,20220726,24.4,80,49,20220728,149.0,48.3,16.3,6.2,20220730,20220731.0,20220731.0,177.8,9.4,124.6,6.6,20220707.0,20220707.0,3.1,9.6,19.3,250,180,20220707,20220731,50,6.0,3.9,230.6,52.62,622.55,,,,,,24.8,22.1,20220726,32.5,30.4,30.6,30.6,30.2,29.5,27.2,24.8,22.0,17.7
184,제주,2022-08,29.2,32.8,26.2,37.5,21.2,20220810,20220828,1005.8,1008.1,1015.3,999.0,20220828,20220801,30.1,38.5,16.9,20220807,20220827,24.0,75,42,20220810,124.3,94.3,40.2,14.1,20220817,20220817.0,20220817.0,196.0,11.5,137.7,8.1,20220815.0,20220815.0,3.1,9.1,17.5,250,250,20220816,20220815,50,6.2,3.5,232.4,56.01,598.05,,,,,,23.9,17.3,20220828,33.8,30.4,30.5,30.7,30.6,30.2,28.5,26.8,24.5,19.7
184,제주,2022-09,24.1,26.9,21.9,32.8,17.2,20220916,20220930,1009.3,1011.7,1018.7,974.8,20220924,20220905,24.1,33.8,11.0,20220905,20220930,20.1,79,25,20220907,265.8,174.0,22.3,7.4,20220905,20220905.0,20220905.0,99.2,7.4,69.3,5.1,20220907.0,20220907.0,3.4,17.7,27.8,20,340,20220906,20220906,70,7.5,5.1,119.3,32.08,362.34,,,,,,20.0,14.8,20220930,26.1,25.7,25.6,25.9,26.0,25.9,25.8,25.3,23.4,20.9
184,제주,2022-10,18.4,21.7,15.5,30.6,11.5,20221002,20221020,1019.3,1021.7,1028.4,1010.2,20221020,20221004,14.9,30.2,7.5,20221003,20221025,12.4,69,39,20221027,22.1,12.1,8.6,5.2,20221009,20221009.0,20221009.0,131.6,6.9,92.3,4.8,20221001.0,20221001.0,3.5,10.8,19.5,340,320,20221009,20221009,70,5.0,3.9,187.0,53.08,410.5,,,,,,11.9,6.0,20221020,20.6,21.1,21.1,21.5,21.1,21.4,22.0,22.0,22.2,21.3
184,제주,2022-11,15.2,19.3,11.8,27.4,4.1,20221128,20221130,1018.7,1021.2,1033.1,1007.5,20221130,20221129,12.5,23.8,5.4,20221129,20221130,9.6,71,26,20221125,87.8,23.3,,,20221120,,,86.0,5.3,60.3,3.7,20221103.0,20221103.0,3.1,8.7,17.6,50,20,20221130,20221130,180,5.2,4.1,154.6,49.3,271.26,,,,,,7.9,3.5,20221106,15.9,17.4,17.3,17.8,17.2,17.6,18.7,19.2,20.6,20.6
184,제주,2022-12,6.9,9.4,4.5,14.6,-0.4,20221209,20221223,1022.7,1025.3,1034.0,1009.9,20221229,20221221,6.6,12.4,3.9,20221203,20221218,0.9,66,28,20221209,35.3,17.7,,,20221221,,,64.5,3.8,44.8,2.7,20221213.0,20221213.0,4.5,12.4,22.9,340,340,20221223,20221223,320,7.5,6.4,48.7,15.74,137.02,2.7,2.5,4.2,20221223.0,20221223.0,2.0,-0.5,20221223,7.0,8.9,9.1,9.9,10.0,11.1,13.2,13.7,17.8,19.5
184,제주,2023-01,6.8,10.4,3.8,20.7,-3.4,20230113,20230124,1022.5,1025.1,1034.1,1010.1,20230102,20230114,7.0,20.4,3.4,20230113,20230125,1.0,68,32,20230131,42.1,17.7,,,20230113,,,65.6,3.6,46.1,2.5,20230131.0,20230131.0,4.0,13.0,24.3,340,340,20230124,20230124,340,6.6,5.8,86.7,27.37,182.43,3.7,3.7,7.1,20230127.0,20230127.0,1.2,-3.5,20230124,6.8,7.9,7.8,8.2,7.7,8.3,9.6,10.0,15.2,18.4
184,제주,2023-02,7.7,11.1,4.8,16.4,1.1,20230228,20230221,1023.0,1025.6,1038.6,1012.6,20230226,20230213,7.6,14.9,3.7,20230219,20230221,2.4,71,34,20230226,89.6,28.1,,,20230212,,,66.3,4.2,46.5,3.0,20230227.0,20230227.0,3.1,10.6,16.1,50,20,20230210,20230210,20,6.5,4.7,117.2,38.09,266.67,,,,,,3.1,-0.9,20230205,8.5,9.3,9.0,9.2,8.4,8.8,9.7,10.2,14.5,17.7
184,제주,2023-03,12.3,16.4,8.5,22.4,2.4,20230307,20230303,1018.5,1021.0,1031.3,1002.3,20230303,20230323,9.7,19.9,3.4,20230322,20230313,5.6,66,26,20230307,49.6,19.2,,,20230317,,,115.2,6.0,81.0,4.2,20230307.0,20230327.0,2.7,8.8,16.1,270,320,20230312,20230313,20,4.9,2.8,211.1,56.84,472.5,,,,,,7.1,0.6,20230303,14.3,14.5,14.0,14.0,12.7,12.4,11.9,11.8,13.9,16.9
184,제주,2023-04,15.5,19.4,11.8,28.6,7.4,20230418,20230427,1013.2,1015.7,1025.1,1002.6,20230408,20230416,12.3,21.4,3.0,20230418,20230413,9.3,69,14,20230412,62.1,19.8,6.2,1.8,20230414,20230414.0,20230414.0,144.2,8.6,101.2,6.0,20230418.0,20230418.0,3.6,14.0,26.1,230,200,20230418,20230418,90,5.3,3.1,204.1,52.27,514.91,,,,,,10.7,5.0,20230430,19.3,18.6,18.1,18.2,16.8,16.3,15.3,14.4,14.1,16.1
184,제주,2023-05,19.1,23.1,16.0,29.9,11.4,20230529,20230508,1010.9,1013.3,1024.4,1000.5,20230502,20230505,17.1,28.9,5.4,20230529,20230501,14.5,77,28,20230501,269.3,74.0,21.5,5.5,20230504,20230503.0,20230503.0,132.8,7.2,93.4,5.1,20230509.0,20230509.0,2.7,8.7,17.0,70,90,20230518,20230518,50,6.6,4.0,180.3,41.87,523.18,,,,,,12.7,5.6,20230502,23.3,21.9,21.6,21.5,20.1,19.7,18.3,17.1,15.5,15.8
184,제주,2023-06,23.4,26.7,20.4,31.4,15.8,20230629,20230607,1005.6,1008.0,1015.6,1000.0,20230605,20230630,21.8,30.4,10.5,20230627,20230604,18.6,76,29,20230604,213.0,80.9,21.4,9.2,20230625,20230625.0,20230627.0,150.5,8.4,105.2,5.9,20230628.0,20230628.0,3.1,10.9,18.7,230,200,20230629,20230629,270,7.1,4.2,170.2,39.51,519.52,,,,,,17.7,11.7,20230607,28.2,26.0,25.9,25.8,24.5,24.2,22.5,20.4,18.3,16.6
184,제주,2023-07,28.1,31.4,25.6,37.3,21.8,20230710,20230706,1005.6,1007.9,1015.5,995.7,20230726,20230705,28.1,33.4,18.1,20230718,20230706,22.9,75,39,20230710,273.2,52.0,25.7,11.8,20230722,20230708.0,20230708.0,169.1,11.2,118.3,7.8,20230711.0,20230711.0,3.0,10.8,19.5,230,230,20230714,20230714,50,7.9,4.8,124.6,28.43,487.49,,,,,,24.0,17.9,20230706,30.4,29.3,29.3,29.3,28.3,28.3,26.8,24.6,22.6,18.9
184,제주,2023-08,28.8,32.0,26.3,34.8,21.6,20230803,20230831,1002.5,1004.8,1011.8,992.7,20230820,20230810,28.6,33.6,19.9,20230820,20230831,23.2,73,43,20230811,182.5,58.2,21.7,10.2,20230823,20230818.0,20230823.0,196.0,9.3,137.1,6.5,20230803.0,20230803.0,3.1,12.1,18.8,20,50,20230809,20230809,70,5.0,3.5,242.9,58.53,609.82,,,,,,24.2,20.5,20230826,33.5,31.3,31.4,31.4,30.5,30.2,28.7,26.5,23.9,19.9
184,제주,2023-09,25.5,28.4,23.0,33.3,18.2,20230903,20230930,1009.6,1012.0,1018.5,1005.1,20230923,20230920,23.0,29.1,14.4,20230920,20230923,19.6,71,46,20230929,84.5,43.0,13.2,5.4,20230916,20230916.0,20230916.0,155.4,7.3,108.9,5.1,20230907.0,20230907.0,2.8,9.2,16.1,250,270,20230920,20230921,70,6.0,3.7,182.6,49.07,483.91,,,,,,21.7,16.8,20230930,29.4,29.5,29.1,29.1,28.5,28.6,27.8,26.5,24.5,20.9
184,제주,2023-10,19.4,23.1,16.4,26.1,13.3,20231019,20231024,1016.4,1018.8,1025.3,1009.9,20231022,20231014,13.5,21.0,7.2,20231003,20231021,11.2,60,28,20231002,36.0,11.4,8.3,4.3,20231007,20231020.0,20231020.0,157.2,7.9,110.2,5.6,20231001.0,20231001.0,3.0,9.8,15.7,20,320,20231020,20231020,180,4.5,3.1,228.5,64.82,464.83,,,,,,12.4,8.1,20231022,21.4,23.7,22.6,22.8,22.6,23.0,23.1,23.1,22.7,21.0
184,제주,2023-11,13.7,17.4,10.4,28.4,4.6,20231101,20231126,1019.4,1021.9,1033.6,1004.4,20231125,20231106,9.9,22.4,4.5,20231104,20231125,5.9,60,19,20231101,69.1,27.3,,,20231116,,,101.2,6.2,70.5,4.3,20231101.0,20231101.0,3.9,12.6,22.9,340,340,20231118,20231118,20,6.0,4.7,117.1,37.29,238.2,,,,,,6.7,-0.4,20231126,13.1,16.8,15.7,16.0,16.2,17.1,17.9,18.4,20.6,20.6
184,제주,2023-12,9.4,12.9,6.6,23.1,-0.6,20231210,20231222,1021.7,1024.2,1038.0,1008.0,20231222,20231211,8.1,19.5,3.6,20231211,20231221,3.1,66,29,20231208,73.9,13.8,,,20231210,,,71.8,4.4,50.5,3.1,20231207.0,20231207.0,4.0,11.7,21.0,340,320,20231216,20231216,320,7.1,5.5,70.8,22.86,148.86,12.2,8.3,15.4,20231222.0,20231222.0,3.5,-1.5,20231204,8.4,11.5,10.5,10.7,10.8,11.7,13.0,13.9,18.0,19.5
184,제주,2024-01,7.8,10.7,5.0,18.7,-1.0,20240117,20240123,1022.0,1024.6,1032.1,1015.9,20240116,20240120,6.9,14.3,3.7,20240118,20240114,1.1,64,23,20240114,93.4,41.1,,,20240120,,,72.2,4.6,50.3,3.2,20240114.0,20240114.0,3.9,11.3,20.7,340,320,20240123,20240123,340,7.1,6.1,77.6,24.5,176.86,3.7,2.6,5.8,20240124.0,20240123.0,2.0,-2.8,20240105,7.0,9.9,8.8,9.0,8.9,9.4,10.5,11.2,15.8,18.6
184,제주,2024-02,9.5,12.4,7.1,20.7,3.4,20240219,20240216,1020.2,1022.7,1031.3,1009.0,20240212,20240219,8.7,18.3,4.3,20240219,20240211,4.2,71,27,20240213,205.4,28.3,,,20240222,,,59.1,4.8,41.3,3.4,20240213.0,20240213.0,3.6,12.1,22.3,230,230,20240219,20240219,90,7.5,6.0,60.3,18.91,152.32,,,,,,4.9,-1.4,20240212,9.3,11.2,10.2,10.2,9.7,10.0,10.4,11.1,14.6,17.8
184,제주,2024-03,10.9,14.7,7.6,26.7,1.3,20240330,20240302,1016.0,1018.5,1030.6,1003.7,20240310,20240328,8.4,16.3,3.8,20240324,20240301,3.5,62,18,20240329,98.1,19.7,,,20240325,,,119.8,7.2,83.9,5.1,20240322.0,20240322.0,3.7,11.5,18.3,270,270,20240329,20240329,340,6.1,4.1,159.8,42.97,409.42,,,,,,4.0,-3.3,20240310,12.2,13.5,12.4,12.4,11.7,11.8,11.7,11.9,14.1,17.0
184,제주,2024-04,16.4,19.8,13.4,23.6,10.3,20240415,20240407,1010.7,1013.2,1026.0,1001.6,20240410,20240403,13.2,20.9,5.8,20240429,20240417,10.8,71,28,20240401,80.2,35.8,10.7,5.0,20240429,20240429.0,20240429.0,106.7,6.9,74.7,4.8,20240418.0,20240418.0,2.7,9.3,19.3,50,180,20240415,20240414,90,6.9,4.1,152.1,38.88,417.26,,,,,,9.7,4.1,20240401,19.1,19.5,18.2,18.1,16.9,16.8,15.4,14.4,14.3,16.4
184,제주,2024-05,19.1,23.0,15.6,27.0,12.4,20240517,20240509,1011.2,1013.7,1021.4,1002.4,20240509,20240526,14.0,24.3,2.7,20240526,20240517,11.4,63,7,20240517,42.9,21.6,9.5,3.9,20240505,20240505.0,20240505.0,192.6,13.3,135.0,9.3,20240516.0,20240516.0,3.1,10.2,17.2,270,270,20240516,20240516,50,4.5,2.3,265.9,61.65,677.83,,,,,,10.7,6.4,20240515,23.7,24.1,22.4,22.2,20.9,20.6,19.1,17.4,15.9,16.2
184,제주,2024-06,23.1,26.5,20.4,31.4,16.8,20240614,20240605,1005.9,1008.2,1018.8,996.4,20240605,20240622,20.5,30.2,7.9,20240630,20240618,17.6,73,17,20240618,271.8,92.9,30.6,10.0,20240620,20240620.0,20240629.0,135.3,10.2,94.6,7.1,20240618.0,20240618.0,2.8,12.0,23.8,230,200,20240630,20240630,50,7.1,3.7,155.0,35.97,477.43,,,,,,17.3,11.7,20240603,27.3,27.2,25.8,25.6,24.7,23.4,22.0,20.1,17.9,16.7
184,제주,2024-07,28.9,32.3,26.0,35.5,22.6,20240720,20240712,1004.9,1007.2,1015.9,1000.3,20240727,20240710,28.6,34.8,20.9,20240724,20240706,23.3,73,37,20240706,156.0,61.7,38.3,12.6,20240710,20240710.0,20240719.0,195.0,12.5,136.2,8.8,20240702.0,20240702.0,3.5,12.5,23.5,230,230,20240702,20240702,50,6.5,3.3,204.9,46.81,554.79,,,,,,24.6,20.9,20240712,31.5,31.1,30.1,29.9,29.3,27.6,25.7,23.6,21.4,18.4
184,제주,2024-08,29.9,33.0,27.5,35.0,25.2,20240819,20240831,1004.2,1006.5,1011.8,1001.6,20240824,20240811,30.0,36.5,20.1,20240803,20240831,24.0,72,49,20240819,47.0,31.9,31.9,14.4,20240815,20240815.0,20240815.0,183.4,8.5,128.4,5.9,20240812.0,20240812.0,2.9,9.2,17.2,50,200,20240828,20240822,50,4.0,2.5,275.2,66.44,632.4,,,,,,25.2,20.7,20240831,34.9,34.0,33.1,32.9,32.3,30.9,29.5,27.2,24.2,19.6
184,제주,2024-09,27.6,30.8,25.1,35.1,21.1,20240912,20240924,1009.1,1011.5,1018.4,1000.1,20240929,20240921,26.7,35.4,15.8,20240915,20240903,22.0,73,41,20240903,126.2,26.6,8.8,4.9,20240919,20240916.0,20240916.0,150.0,7.5,105.0,5.3,20240905.0,20240905.0,2.9,9.2,16.3,250,250,20240921,20240921,90,5.2,3.6,131.5,45.74,442.14,,,,,,22.6,17.7,20240924,29.7,32.4,29.9,29.9,29.9,29.2,28.6,27.4,24.9,20.8
184,제주,2024-10,20.9,23.8,18.3,31.3,14.5,20241018,20241024,1015.8,1018.2,1027.5,1008.8,20241020,20241001,17.2,26.1,8.3,20241019,20241024,14.8,69,36,20241024,135.2,32.6,21.9,11.2,20241022,20241022.0,20241022.0,108.1,5.6,75.1,3.9,20241002.0,20241002.0,3.2,10.3,18.0,20,70,20241001,20241020,70,7.7,5.2,88.0,25.88,262.58,,,,,,15.4,9.9,20241024,21.2,25.7,23.1,23.3,23.7,23.6,24.0,24.2,23.3,21.2
184,제주,2024-11,15.1,18.1,12.5,23.6,7.3,20241116,20241128,1018.8,1021.3,1032.8,1008.6,20241118,20241102,11.5,20.4,3.6,20241116,20241118,8.2,65,24,20241118,335.7,238.4,,,20241101,,,100.4,5.3,70.1,3.7,20241117.0,20241117.0,3.7,11.8,20.7,320,290,20241128,20241128,320,6.2,4.7,114.7,36.61,237.93,,,,,,8.9,2.2,20241119,,,,,17.1,19.1,20.5,21.8,22.7,21.3
184,제주,2024-12,8.7,11.3,6.4,19.8,3.5,20241202,20241219,1021.3,1023.8,1031.0,1014.4,20241219,20241201,6.1,12.9,3.7,20241202,20241219,-0.3,54,31,20241207,5.8,2.2,,,20241218,,,91.3,4.2,63.8,3.0,20241205.0,20241205.0,4.4,11.8,20.2,320,340,20241228,20241228,320,7.1,6.3,69.8,22.55,169.61,,,,,,3.1,-0.7,20241219,8.4,9.4,9.6,12.3,10.8,13.4,15.4,16.4,21.0,20.5
189,서귀포,2020-01,9.4,12.4,6.6,18.4,2.7,20200107,20200118,1015.3,1021.6,1032.8,1007.9,20200101,20200107,9.3,20.6,4.1,20200107,20200117,5.3,77,28,20200124,110.1,32.6,,,20200127,,,,,,,,,1.7,9.1,16.0,200,250,20200107,20200108,360,6.7,5.1,127.7,40.25,,,,,,,4.2,0.1,20200118,9.4,,,,,,,,,
189,서귀포,2020-02,9.7,13.2,6.2,18.6,-0.2,20200215,20200217,1017.6,1023.9,1034.7,1009.3,20200220,20200216,9.5,19.0,3.5,20200225,20200203,5.1,75,22,20200204,95.5,60.1,,,20200212,,,,,,,,,1.7,7.6,17.8,270,340,20200216,20200218,360,5.4,4.2,176.4,55.28,,1.8,1.6,2.3,20200218.0,20200217.0,3.4,-0.2,20200218,11.0,,,,,,,,,
189,서귀포,2020-03,12.3,15.4,8.9,21.1,3.1,20200319,20200305,1011.4,1017.6,1026.9,1002.3,20200305,20200310,10.8,21.4,2.0,20200322,20200314,7.0,73,9,20200319,132.2,80.4,,,20200326,,,,,,,,,1.7,6.4,13.1,270,250,20200310,20200310,50,5.4,3.2,213.6,57.43,,,,,,,5.5,-0.5,20200305,15.6,,,,,,,,,
189,서귀포,2020-04,13.9,17.7,10.3,21.0,7.1,20200430,20200423,1011.8,1018.0,1025.2,1002.9,20200410,20200419,10.3,21.2,2.1,20200430,20200421,6.5,65,10,20200421,81.8,32.6,13.5,3.2,20200417,20200417.0,20200417.0,,,,,,,1.7,6.8,11.9,200,250,20200417,20200421,360,4.2,2.3,265.3,67.89,,,,,,,6.8,2.9,20200406,18.4,,,,,,,,,
189,서귀포,2020-05,18.7,21.9,15.8,26.9,12.0,20200528,20200520,1004.9,1010.9,1019.7,997.9,20200514,20200518,19.3,27.1,7.4,20200524,20200507,16.6,90,23,20200514,244.0,108.4,23.9,8.3,20200509,20200509.0,20200509.0,,,,,,,1.6,6.6,14.1,270,250,20200519,20200519,50,6.1,3.9,196.7,45.67,,,,,,,14.2,8.6,20200513,22.4,,,,,,,,,
189,서귀포,2020-06,22.4,25.2,20.1,28.1,14.6,20200609,20200602,1001.0,1007.0,1015.8,993.8,20200608,20200630,24.6,32.2,10.1,20200609,20200608,20.7,91,35,20200608,406.1,123.2,45.3,15.2,20200624,20200624.0,20200624.0,,,,,,,1.6,9.9,15.5,200,230,20200629,20200629,50,7.2,4.7,151.6,35.26,,,,,,,18.8,12.9,20200602,26.0,,,,,,,,,
189,서귀포,2020-07,23.4,25.7,21.5,29.2,18.9,20200730,20200701,1001.3,1007.2,1016.3,998.3,20200731,20200710,27.0,37.1,18.3,20200730,20200717,22.2,93,58,20200702,322.0,70.8,24.7,10.2,20200707,20200706.0,20200710.0,,,,,,,1.6,7.3,13.6,180,160,20200710,20200710,230,8.1,6.0,112.9,25.83,,,,,,,20.9,16.9,20200717,26.6,,,,,,,,,
189,서귀포,2020-08,27.4,29.6,25.6,31.3,23.8,20200825,20200819,1003.8,1009.7,1014.8,994.3,20200817,20200826,33.3,38.2,22.2,20200812,20200819,25.8,92,60,20200820,159.2,67.4,25.0,10.8,20200826,20200825.0,20200826.0,,,,,,,1.8,10.0,17.2,180,200,20200826,20200826,230,6.5,4.8,183.0,44.19,,,,,,,24.9,22.2,20200819,32.0,,,,,,,,,
189,서귀포,2020-09,22.1,25.1,19.5,29.7,15.6,20200901,20200919,1004.9,1010.9,1018.7,970.9,20200919,20200902,21.9,34.2,9.3,20200901,20200920,18.6,82,31,20200920,424.9,235.0,48.4,13.0,20200902,20200902.0,20200913.0,,,,,,,2.1,12.3,23.4,360,20,20200902,20200902,50,6.7,3.8,164.6,44.33,,,,,,,18.1,12.8,20200919,25.1,,,,,,,,,
189,서귀포,2020-10,18.5,22.1,15.4,24.7,11.6,20201003,20201025,1013.0,1019.1,1025.9,1010.5,20201031,20201004,14.4,23.1,5.2,20201004,20201015,12.1,68,22,20201015,39.2,25.0,3.9,1.1,20201021,20201021.0,20201021.0,,,,,,,1.7,8.7,17.0,70,70,20201008,20201008,360,4.8,2.9,217.4,66.0,,,,,,,13.1,8.1,20201024,22.2,,,,,,,,,
189,서귀포,2020-11,15.1,18.3,11.9,23.5,6.7,20201118,20201129,1017.4,1023.6,1034.0,1008.3,20201130,20201119,12.9,26.0,5.9,20201119,20201109,9.9,73,32,20201108,11.7,3.8,,,20201102,,,,,,,,,1.5,5.9,11.2,180,180,20201119,20201119,20,5.0,3.7,175.3,55.85,,,,,,,8.8,4.2,20201128,15.3,,,,,,,,,
189,서귀포,2020-12,8.3,12.1,5.1,15.8,-2.1,20201224,20201230,1018.6,1025.0,1033.7,1011.8,20201201,20201229,7.6,14.8,3.0,20201229,20201219,2.4,68,19,20201224,62.9,53.2,,,20201227,,,,,,,,,1.4,4.9,13.2,180,180,20201204,20201224,360,5.2,3.9,182.4,58.73,,4.0,3.5,4.5,20201231.0,20201230.0,3.7,0.5,20201231,8.2,,,,,,,,,
189,서귀포,2021-01,7.2,10.4,4.0,17.1,-3.4,20210115,20210108,1017.1,1023.5,1032.3,1011.8,20210103,20210123,7.5,16.2,3.2,20210122,20210108,1.8,70,32,20210127,54.6,21.6,,,20210123,,,,,,,,,1.8,6.2,14.8,200,290,20210131,20210128,270,6.0,4.7,162.5,51.15,,4.0,2.5,8.2,20210109.0,20210108.0,2.3,-0.8,20210119,7.0,,,,,,,,,
189,서귀포,2021-02,10.1,13.4,6.8,23.6,-2.3,20210222,20210217,1014.4,1020.7,1029.2,1008.6,20210209,20210215,9.0,17.7,3.4,20210214,20210217,4.6,70,30,20210215,51.2,25.0,,,20210201,,,,,,,,,2.2,8.5,18.3,70,90,20210227,20210226,50,5.1,3.5,175.3,56.86,,1.7,0.9,1.8,20210218.0,20210218.0,4.3,-0.9,20210203,11.5,,,,,,,,,
189,서귀포,2021-03,13.3,17.0,9.7,20.9,4.7,20210328,20210303,1012.7,1018.9,1030.3,1004.5,20210303,20210328,11.6,20.1,3.7,20210320,20210302,8.6,75,23,20210302,156.3,35.2,,,20210304,,,,,,,,,1.8,7.0,13.2,180,270,20210327,20210321,50,5.3,2.9,200.6,53.95,,,,,,,7.5,2.6,20210322,15.0,,,,,,,,,
189,서귀포,2021-04,16.0,20.0,12.7,23.7,8.8,20210422,20210419,1011.9,1018.0,1030.9,1004.6,20210411,20210430,12.4,20.5,5.0,20210403,20210415,9.4,68,19,20210417,182.0,117.9,19.0,4.2,20210412,20210412.0,20210412.0,,,,,,,2.1,6.9,13.1,70,70,20210401,20210401,50,5.3,3.2,229.9,58.86,,,,,,,10.6,4.5,20210419,18.6,,,,,,,,,
189,서귀포,2021-05,19.0,22.7,15.9,27.9,10.8,20210525,20210502,1004.2,1010.2,1021.5,1000.6,20210503,20210528,17.0,28.3,6.1,20210515,20210525,14.4,77,15,20210525,159.2,52.6,13.9,3.9,20210504,20210504.0,20210520.0,,,,,,,1.7,10.1,17.0,180,200,20210504,20210504,230,6.2,3.6,234.4,54.44,,,,,,,14.0,8.7,20210502,21.2,,,,,,,,,
189,서귀포,2021-06,22.8,25.6,20.7,29.0,18.2,20210621,20210606,1002.0,1008.0,1016.6,996.5,20210608,20210616,23.8,29.1,8.5,20210609,20210604,20.1,86,28,20210604,200.8,92.8,15.8,5.1,20210611,20210615.0,20210615.0,,,,,,,1.6,5.5,10.9,180,70,20210611,20210616,50,7.0,4.2,186.1,43.29,,,,,,,19.6,16.6,20210606,26.1,,,,,,,,,
189,서귀포,2021-07,26.6,28.7,24.8,32.0,22.2,20210722,20210704,1002.4,1008.2,1015.8,1000.7,20210715,20210731,31.0,37.8,24.3,20210731,20210721,24.6,90,60,20210724,218.4,88.1,34.5,13.2,20210704,20210704.0,20210718.0,,,,,,,2.0,6.3,11.9,230,230,20210704,20210704,50,7.6,4.9,157.8,36.07,,,,,,,23.9,21.7,20210718,29.0,,,,,,,,,
189,서귀포,2021-08,26.3,28.8,24.4,32.9,21.8,20210809,20210819,1002.5,1008.4,1016.7,997.6,20210830,20210823,30.4,36.7,22.7,20210807,20210815,24.2,89,54,20210806,318.4,69.9,37.0,10.6,20210822,20210822.0,20210822.0,,,,,,,1.8,8.8,17.0,230,230,20210821,20210821,230,6.9,4.9,179.5,43.34,,,,,,,23.2,19.7,20210819,29.0,,,,,,,,,
189,서귀포,2021-09,24.3,27.0,22.2,29.5,19.0,20210917,20210924,1006.0,1012.0,1021.4,994.2,20210924,20210917,25.9,34.6,15.6,20210901,20210924,21.6,86,62,20210924,692.4,219.7,67.2,19.0,20210914,20210914.0,20210914.0,,,,,,,2.3,7.9,15.2,50,340,20210917,20210917,50,6.9,4.9,169.8,45.71,,,,,,,21.1,15.7,20210924,26.3,,,,,,,,,
189,서귀포,2021-10,20.4,23.7,17.5,28.7,9.9,20211004,20211018,1013.8,1019.9,1028.2,1007.3,20211023,20211001,18.0,32.4,7.5,20211010,20211022,14.8,72,32,20211028,33.4,26.7,4.0,1.1,20211016,20211016.0,20211009.0,,,,,,,1.6,5.4,10.4,70,70,20211012,20211012,360,4.9,3.2,228.5,64.86,,,,,,,15.2,6.0,20211018,22.6,,,,,,,,,
189,서귀포,2021-11,14.2,18.1,10.9,22.3,6.4,20211101,20211130,1013.9,1020.1,1035.0,1010.2,20211127,20211108,10.4,23.7,4.6,20211108,20211126,7.1,64,27,20211126,55.0,36.7,,,20211130,,,,,,,,,1.8,8.0,14.8,200,250,20211130,20211122,360,4.6,3.0,199.1,63.41,,,,,,,8.7,4.7,20211130,14.5,,,,,,,,,
189,서귀포,2021-12,9.3,13.0,6.2,18.6,-1.1,20211210,20211226,1018.0,1024.4,1034.6,1014.9,20211226,20211216,7.6,14.3,4.1,20211216,20211225,2.6,64,22,20211222,14.5,11.7,,,20211216,,,,,,,,,1.5,6.3,12.3,270,270,20211230,20211230,360,5.0,4.2,189.5,61.01,,1.0,1.0,1.5,20211227.0,20211226.0,3.7,-3.5,20211227,8.8,,,,,,,,,
189,서귀포,2022-01,7.5,10.8,4.8,13.9,0.8,20220116,20220111,1016.8,1023.2,1030.5,1015.2,20220101,20220111,7.3,11.6,3.5,20220123,20220130,2.1,70,29,20220116,33.8,21.6,,,20220105,,,,,,,,,1.5,5.6,12.1,70,70,20220123,20220113,360,6.3,4.2,177.8,56.0,,,,,,,2.6,-1.1,20220131,7.5,,,,,,,,,
189,서귀포,2022-02,6.1,9.6,3.0,14.0,-1.0,20220214,20220220,1018.5,1025.0,1032.3,1017.3,20220224,20220213,5.9,11.2,3.1,20220228,20220222,-0.9,62,21,20220227,18.6,5.2,,,20220209,,,,,,,,,1.6,5.7,13.5,270,270,20220205,20220205,360,5.5,3.8,173.4,56.3,,,,,,,0.8,-3.3,20220221,6.7,,,,,,,,,
189,서귀포,2022-03,12.5,16.1,9.2,20.7,3.6,20220312,20220303,1011.2,1017.4,1026.7,1001.3,20220329,20220326,10.8,20.5,3.8,20220330,20220305,7.3,72,19,20220305,104.8,26.2,,,20220317,,,,,,,,,1.7,11.2,18.0,180,180,20220325,20220326,360,5.9,3.3,179.9,48.43,,,,,,,7.3,-0.6,20220303,14.5,,,,,,,,,
189,서귀포,2022-04,16.2,19.8,13.0,24.5,7.0,20220427,20220403,1011.1,1017.2,1029.7,1003.0,20220404,20220426,13.3,25.3,4.9,20220425,20220405,10.3,70,30,20220415,125.4,62.1,18.3,6.9,20220426,20220426.0,20220426.0,,,,,,,1.7,7.1,13.2,180,90,20220425,20220429,360,5.3,3.2,219.5,56.24,,,,,,,10.8,5.0,20220403,19.7,,,,,,,,,
189,서귀포,2022-05,19.5,23.0,16.6,29.6,12.1,20220527,20220503,1007.2,1013.3,1023.0,1000.3,20220504,20220530,15.4,24.6,3.9,20220530,20220502,12.8,68,22,20220527,31.8,21.8,3.8,1.0,20220529,20220529.0,20220529.0,,,,,,,1.5,5.6,10.4,230,250,20220502,20220502,230,5.6,2.8,241.0,55.98,,,,,,,13.2,7.3,20220503,24.0,,,,,,,,,
189,서귀포,2022-06,22.5,25.1,20.5,28.7,17.3,20220630,20220605,1002.5,1008.4,1015.1,994.2,20220610,20220605,24.8,34.0,9.0,20220630,20220601,20.7,90,36,20220601,269.7,110.8,28.4,10.8,20220605,20220624.0,20220624.0,,,,,,,1.7,6.2,11.4,70,50,20220605,20220605,230,7.8,6.2,136.5,31.77,,,,,,,19.3,14.2,20220603,25.5,,,,,,,,,
189,서귀포,2022-07,27.0,29.7,24.8,32.4,22.9,20220729,20220726,1000.5,1006.4,1016.3,997.9,20220701,20220716,30.9,36.9,21.2,20220718,20220717,24.5,87,43,20220716,272.0,85.2,57.3,15.4,20220711,20220711.0,20220711.0,,,,,,,1.6,7.9,15.1,180,200,20220731,20220731,50,6.6,4.7,202.7,46.33,,,,,,,23.6,21.0,20220726,30.5,,,,,,,,,
189,서귀포,2022-08,27.7,30.2,25.6,31.8,21.4,20220810,20220828,1002.4,1008.2,1016.6,998.4,20220803,20220801,31.7,38.5,15.7,20220801,20220828,24.8,85,52,20220827,263.1,212.5,54.4,22.4,20220817,20220817.0,20220817.0,,,,,,,1.8,6.2,13.2,230,230,20220817,20220817,230,6.8,4.2,219.0,52.87,,,,,,,24.6,19.0,20220828,31.2,,,,,,,,,
189,서귀포,2022-09,24.3,27.4,21.9,34.8,18.2,20220919,20220924,1004.7,1010.6,1017.7,971.9,20220907,20220905,23.4,33.6,11.2,20220905,20220925,19.6,77,19,20220919,326.1,121.0,25.5,14.8,20220902,20220904.0,20220904.0,,,,,,,2.5,9.5,20.3,50,50,20220905,20220905,50,7.2,4.3,160.8,43.28,,,,,,,19.7,14.8,20220924,26.2,,,,,,,,,
189,서귀포,2022-10,19.0,22.4,16.1,27.9,11.5,20221003,20221025,1014.4,1020.5,1027.7,1009.9,20221020,20221009,15.2,30.7,4.6,20221003,20221025,12.5,67,23,20221025,11.8,7.1,2.6,0.9,20221009,20221009.0,20221009.0,,,,,,,1.9,5.7,12.2,70,360,20221029,20221009,20,4.3,2.9,214.8,60.95,,,,,,,12.9,5.5,20221025,21.7,,,,,,,,,
189,서귀포,2022-11,16.4,20.0,13.1,24.1,5.2,20221113,20221130,1014.0,1020.1,1029.9,1007.5,20221130,20221129,13.2,26.0,5.8,20221112,20221130,10.5,70,31,20221108,79.9,41.1,,,20221128,,,,,,,,,1.7,5.9,13.0,200,180,20221128,20221128,360,4.9,3.2,193.3,61.52,,,,,,,10.2,5.7,20221130,17.0,,,,,,,,,
189,서귀포,2022-12,7.4,10.9,4.2,16.9,-1.8,20221210,20221218,1017.5,1023.9,1033.1,1008.1,20221230,20221222,6.8,13.7,3.6,20221204,20221223,1.0,65,30,20221209,24.3,7.5,,,20221218,,,,,,,,,1.5,4.8,11.5,180,270,20221205,20221213,360,6.1,4.6,148.1,47.68,,7.9,4.6,14.6,20221218.0,20221218.0,1.6,-1.9,20221218,8.2,,,,,,,,,
189,서귀포,2023-01,7.4,11.1,4.2,17.8,-4.5,20230113,20230124,1017.5,1023.9,1032.3,1009.3,20230105,20230114,7.4,20.0,2.8,20230113,20230124,1.5,67,28,20230120,71.2,45.7,,,20230113,,,,,,,,,1.5,8.5,13.7,180,200,20230113,20230113,360,5.4,4.6,165.9,52.27,,3.5,3.5,4.7,20230124.0,20230124.0,1.4,-4.6,20230124,7.9,,,,,,,,,
189,서귀포,2023-02,9.4,12.9,6.2,16.1,1.0,20230218,20230221,1017.7,1024.0,1036.8,1011.8,20230226,20230213,8.1,16.7,3.4,20230218,20230221,3.4,68,26,20230209,59.6,16.0,,,20230212,,,,,,,,,1.6,6.7,12.8,70,70,20230212,20230212,360,5.5,3.6,161.0,52.31,,,,,,,3.2,-1.4,20230221,9.9,,,,,,,,,
189,서귀포,2023-03,13.5,16.9,10.1,22.9,3.8,20230331,20230303,1014.1,1020.3,1029.9,1002.2,20230303,20230323,10.7,21.3,3.2,20230323,20230301,7.1,68,20,20230331,56.1,13.4,,,20230317,,,,,,,,,1.7,6.6,13.7,180,200,20230312,20230312,360,5.3,3.1,202.5,54.52,,,,,,,7.1,0.7,20230303,14.6,,,,,,,,,
189,서귀포,2023-04,15.8,19.1,12.7,25.6,6.7,20230421,20230408,1009.3,1015.4,1024.1,1003.5,20230408,20230416,12.7,23.1,3.6,20230419,20230408,9.7,70,19,20230426,191.1,130.4,27.3,5.8,20230405,20230405.0,20230405.0,,,,,,,2.2,7.5,15.7,200,250,20230405,20230416,50,5.4,3.2,200.8,51.45,,,,,,,10.1,2.5,20230408,17.9,,,,,,,,,
189,서귀포,2023-05,18.8,21.9,16.0,24.6,11.8,20230531,20230509,1007.6,1013.6,1024.9,1001.9,20230502,20230506,17.7,28.9,6.1,20230529,20230502,15.1,81,23,20230502,574.3,287.8,31.4,8.4,20230504,20230504.0,20230504.0,,,,,,,1.8,9.2,15.4,180,200,20230505,20230505,50,7.0,4.8,168.1,39.08,,,,,,,13.9,8.3,20230501,21.6,,,,,,,,,
189,서귀포,2023-06,22.6,25.1,20.4,27.7,15.7,20230622,20230607,1002.5,1008.5,1015.9,1000.0,20230624,20230602,23.5,31.7,13.2,20230628,20230604,19.7,85,42,20230604,418.5,146.1,32.6,11.0,20230625,20230601.0,20230630.0,,,,,,,1.4,4.5,9.1,200,200,20230626,20230629,230,7.5,5.0,153.7,35.76,,,,,,,18.6,13.5,20230607,25.5,,,,,,,,,
189,서귀포,2023-07,26.2,28.2,24.4,31.6,21.1,20230731,20230706,1003.3,1009.2,1016.5,997.4,20230726,20230705,31.0,34.4,22.1,20230726,20230706,24.6,92,57,20230731,378.8,112.1,44.9,13.2,20230722,20230722.0,20230722.0,,,,,,,1.4,6.6,11.6,180,200,20230722,20230722,230,8.7,6.9,78.6,17.97,,,,,,,24.0,18.2,20230706,28.2,,,,,,,,,
189,서귀포,2023-08,28.0,30.8,25.7,34.1,23.3,20230806,20230826,999.5,1005.3,1012.8,991.1,20230820,20230810,29.1,34.6,18.8,20230823,20230827,23.5,78,45,20230810,218.9,75.6,18.3,17.0,20230830,20230830.0,20230830.0,,,,,,,1.9,6.8,13.3,180,140,20230828,20230828,50,5.1,3.6,250.9,60.53,,,,,,,24.7,21.2,20230827,32.3,,,,,,,,,
189,서귀포,2023-09,25.8,28.9,23.4,31.7,18.9,20230904,20230930,1006.4,1012.3,1018.5,1006.2,20230923,20230921,24.8,33.8,15.3,20230916,20230910,20.8,75,42,20230908,126.4,37.4,21.8,13.0,20230916,20230903.0,20230903.0,,,,,,,1.7,6.7,11.9,200,200,20230920,20230920,50,5.9,3.7,217.7,58.52,,,,,,,22.2,17.7,20230930,28.5,,,,,,,,,
189,서귀포,2023-10,19.9,23.7,16.6,26.3,13.6,20231004,20231022,1012.5,1018.6,1025.6,1009.4,20231023,20231014,13.6,20.8,4.4,20231020,20231027,11.2,59,14,20231027,5.9,4.0,4.0,3.6,20231020,20231020.0,20231020.0,,,,,,,1.7,5.9,10.2,50,70,20231008,20231008,360,3.6,1.9,252.3,71.55,,,,,,,13.8,7.2,20231021,21.9,,,,,,,,,
189,서귀포,2023-11,14.5,18.0,11.2,25.7,4.7,20231103,20231125,1015.5,1021.7,1031.9,1007.1,20231125,20231106,11.6,26.6,5.1,20231105,20231130,8.0,66,37,20231123,45.2,12.3,,,20231106,,,,,,,,,1.6,9.9,17.5,200,230,20231106,20231106,270,4.9,3.6,198.4,63.06,,,,,,,8.8,1.1,20231125,14.2,,,,,,,,,
189,서귀포,2023-12,9.9,13.4,6.9,22.4,-1.5,20231210,20231222,1017.8,1024.2,1037.6,1009.1,20231222,20231211,9.0,21.8,3.4,20231211,20231217,4.2,69,36,20231207,74.7,42.9,,,20231211,,,,,,,,,1.6,6.4,13.9,270,250,20231220,20231220,360,6.5,5.2,133.8,43.08,,5.7,4.1,8.7,20231222.0,20231222.0,4.3,-3.6,20231221,9.7,,,,,,,,,
189,서귀포,2024-01,8.5,11.8,5.2,17.5,-1.8,20240118,20240123,1017.7,1024.1,1031.9,1015.3,20240116,20240110,7.5,16.0,3.2,20240118,20240123,2.1,66,27,20240115,56.8,28.2,,,20240120,,,,,,,,,1.6,5.8,13.8,270,250,20240122,20240122,360,5.4,4.4,162.7,51.28,,1.6,1.3,3.0,20240124.0,20240123.0,3.1,-3.2,20240123,8.2,,,,,,,,,
189,서귀포,2024-02,10.3,13.0,7.9,19.1,3.3,20240215,20240209,1016.1,1022.5,1031.9,1010.8,20240212,20240219,9.6,18.6,4.5,20240219,20240226,5.6,74,36,20240226,147.7,33.0,,,20240218,,,,,,,,,2.1,8.3,13.5,180,180,20240219,20240219,50,7.3,5.6,108.3,33.94,,,,,,,6.4,-0.1,20240212,10.3,,,,,,,,,
189,서귀포,2024-03,11.1,14.6,7.7,19.3,0.7,20240331,20240302,1012.3,1018.6,1030.2,1003.4,20240310,20240328,9.2,17.4,2.8,20240328,20240318,4.6,67,15,20240318,155.5,79.8,,,20240328,,,,,,,,,1.9,7.3,13.1,200,180,20240322,20240322,360,5.5,3.7,193.5,52.02,,,,,,,5.6,-0.8,20240302,11.6,,,,,,,,,
189,서귀포,2024-04,16.8,20.1,14.1,24.4,11.7,20240428,20240425,1007.5,1013.6,1026.4,1001.4,20240410,20240403,14.2,22.2,7.4,20240429,20240401,11.9,75,24,20240401,271.3,79.1,19.2,5.7,20240402,20240415.0,20240429.0,79.4,6.9,55.9,4.9,20240424.0,20240424.0,1.6,5.9,12.3,70,320,20240423,20240424,70,7.0,4.5,143.1,36.61,354.18,,,,,,12.7,8.9,20240406,18.2,,,,,,,,,
189,서귀포,2024-05,19.3,23.1,15.8,27.5,11.6,20240524,20240509,1007.9,1013.9,1021.9,1001.5,20240510,20240528,14.8,25.3,5.8,20240526,20240515,12.3,66,24,20240515,214.3,98.1,35.5,14.8,20240505,20240505.0,20240505.0,177.7,10.8,124.3,7.5,20240516.0,20240516.0,2.0,7.9,15.2,180,230,20240505,20240505,70,4.8,2.6,244.1,56.68,668.73,,,,,,13.3,8.9,20240515,22.3,,,,,,,,,
189,서귀포,2024-06,22.6,25.6,20.1,30.1,16.2,20240618,20240605,1002.8,1008.8,1018.9,999.2,20240605,20240622,21.6,29.8,8.5,20240629,20240603,18.3,79,24,20240602,615.6,223.0,55.5,14.4,20240620,20240629.0,20240629.0,111.6,8.7,78.1,6.1,20240618.0,20240618.0,1.5,7.7,16.3,230,250,20240630,20240630,230,7.6,4.7,133.2,30.98,448.08,,,,,,18.7,12.2,20240605,25.2,,,,,,,,,
189,서귀포,2024-07,27.3,29.5,25.7,33.0,20.8,20240723,20240712,1003.0,1008.8,1017.9,1001.3,20240727,20240710,32.1,37.8,23.2,20240723,20240712,25.2,89,69,20240731,193.7,44.1,16.4,12.7,20240726,20240715.0,20240719.0,109.4,7.7,76.7,5.4,20240731.0,20240731.0,1.9,6.0,13.7,200,230,20240726,20240726,230,8.2,6.7,102.5,23.46,408.43,,,,,,25.2,19.8,20240712,29.1,,,,,,,,,
189,서귀포,2024-08,29.8,33.2,26.9,34.7,23.8,20240830,20240816,1001.2,1007.0,1012.2,1001.3,20240824,20240829,30.8,38.7,16.6,20240804,20240812,24.5,74,42,20240812,124.5,28.2,27.5,13.7,20240816,20240816.0,20240816.0,174.1,8.2,121.9,5.7,20240812.0,20240812.0,2.0,7.5,14.8,200,90,20240820,20240828,20,4.1,2.8,249.4,60.23,630.73,,,,,,25.8,23.2,20240831,32.2,,,,,,,,,
189,서귀포,2024-09,27.9,31.2,25.1,34.5,21.7,20240914,20240924,1006.0,1011.9,1018.2,1002.8,20240929,20240921,28.1,36.1,13.7,20240916,20240927,22.8,75,47,20240927,119.5,37.2,15.5,8.5,20240920,20240907.0,20240907.0,159.6,7.9,111.7,5.5,20240914.0,20240914.0,2.3,8.8,16.7,200,250,20240921,20240921,50,5.0,3.6,210.5,56.71,525.36,,,,,,23.5,19.4,20240924,30.3,,,,,,,,,
189,서귀포,2024-10,21.7,25.3,18.9,30.0,14.2,20241001,20241024,1011.8,1017.8,1027.7,1008.8,20241020,20241001,18.7,32.1,4.9,20241018,20241024,16.0,72,24,20241024,126.0,43.2,15.3,5.5,20241009,20241009.0,20241022.0,120.1,6.6,83.4,4.6,20241004.0,20241004.0,2.4,7.7,14.2,70,90,20241025,20241025,50,7.2,4.3,146.1,41.53,377.22,,,,,,17.4,12.6,20241024,22.2,,,,,,,,,
189,서귀포,2024-11,15.9,19.8,12.8,24.8,5.4,20241104,20241127,1014.6,1020.8,1029.8,1006.9,20241119,20241102,12.6,21.3,3.9,20241116,20241118,9.6,68,23,20241118,220.9,126.0,,,20241101,,,91.8,4.6,64.4,3.2,20241106.0,20241106.0,2.2,9.1,17.6,230,90,20241126,20241102,20,5.1,4.1,161.5,51.45,300.94,,,,,,10.4,3.4,20241129,14.2,,,,,,,,,
189,서귀포,2024-12,8.9,13.3,5.6,19.9,2.7,20241202,20241228,1016.9,1023.2,1029.5,1015.1,20241219,20241201,6.5,11.6,2.0,20241203,20241219,0.5,57,11,20241219,1.5,0.4,,,20241213,,,83.6,3.8,58.7,2.7,20241226.0,20241226.0,1.8,5.8,13.7,230,340,20241231,20241228,360,4.5,3.4,191.1,61.53,306.98,,,,,,2.1,-1.2,20241229,6.4,,,,,,,,,
262,고흥,2020-01,4.0,8.7,-0.4,17.8,-6.6,20200107,20200101,1015.8,1022.3,1032.9,1004.6,20200101,20200107,5.8,17.5,1.9,20200107,20200121,-1.6,70,12,20200121,79.0,25.3,,,20200127,,,,,,,,,1.6,8.7,17.0,270,270,20200107,20200107,320,5.8,4.1,142.3,45.32,,,,,,,-1.5,-8.6,20200105,4.6,,,,,,,,,
262,고흥,2020-02,4.5,10.2,-1.0,17.9,-8.3,20200214,20200206,1017.7,1024.2,1035.6,1010.2,20200220,20200216,6.1,16.1,1.1,20200225,20200206,-1.3,69,15,20200206,44.5,19.6,,,20200212,,,,,,,,,1.6,9.9,15.8,290,320,20200216,20200216,340,4.7,3.4,178.4,56.22,,,,,,,-2.2,-9.5,20200206,6.2,,,,,,,,,
262,고흥,2020-03,7.9,13.9,1.4,22.1,-5.6,20200322,20200306,1011.4,1017.8,1027.1,1003.6,20200305,20200310,7.0,16.7,1.6,20200327,20200306,0.9,66,9,20200306,45.1,26.8,,,20200326,,,,,,,,,1.8,8.1,18.2,290,320,20200311,20200315,340,4.3,2.5,234.1,62.96,,,,,,,0.4,-8.0,20200306,10.8,,,,,,,,,
262,고흥,2020-04,10.3,16.6,3.9,21.7,-2.4,20200429,20200406,1011.3,1017.6,1026.4,1005.8,20200410,20200419,7.0,16.0,2.6,20200430,20200405,1.0,58,12,20200403,80.2,40.5,10.6,2.7,20200417,20200417.0,20200417.0,,,,,,,2.0,8.4,16.3,290,290,20200401,20200422,320,3.7,2.2,259.0,65.99,,,,,,,2.3,-5.8,20200406,14.0,,,,,,,,,
262,고흥,2020-05,16.9,22.0,12.2,26.2,6.7,20200504,20200513,1004.5,1010.6,1019.3,997.0,20200514,20200518,14.6,22.0,5.2,20200509,20200508,12.2,77,25,20200514,151.1,88.9,16.7,4.3,20200509,20200509.0,20200509.0,,,,,,,1.6,8.0,14.2,160,230,20200509,20200519,160,5.9,3.6,197.2,45.47,,,,,,,11.3,5.1,20200508,20.8,,,,,,,,,
262,고흥,2020-06,22.0,27.2,17.4,30.8,9.8,20200609,20200602,1000.6,1006.5,1016.6,988.6,20200608,20200630,21.2,28.9,8.5,20200613,20200608,18.2,81,20,20200602,304.9,82.2,29.2,11.3,20200618,20200613.0,20200612.0,,,,,,,1.3,8.6,16.3,180,180,20200629,20200629,160,6.1,3.4,195.7,45.11,,,,,,,17.3,6.9,20200602,26.3,,,,,,,,,
262,고흥,2020-07,22.6,26.1,20.2,31.6,16.5,20200730,20200702,1000.8,1006.7,1015.8,995.6,20200731,20200724,24.6,32.8,16.6,20200729,20200703,20.6,90,50,20200701,334.2,102.5,25.1,7.0,20200713,20200713.0,20200723.0,,,,,,,1.2,5.8,10.9,320,200,20200701,20200723,160,7.9,5.8,67.2,15.26,,,,,,,20.5,16.8,20200702,25.1,,,,,,,,,
262,고흥,2020-08,27.0,30.9,23.9,34.2,21.4,20200820,20200824,1003.4,1009.3,1014.9,996.0,20200821,20200826,30.0,35.2,21.3,20200828,20200820,24.1,85,35,20200820,181.8,90.8,23.2,11.5,20200826,20200826.0,20200826.0,,,,,,,1.6,8.9,15.2,180,180,20200826,20200826,180,5.8,3.7,182.0,43.75,,,,,,,24.2,21.9,20200824,30.3,,,,,,,,,
262,고흥,2020-09,20.7,25.5,16.8,30.0,10.4,20200901,20200921,1005.2,1011.2,1018.8,976.6,20200921,20200903,20.1,30.0,10.9,20200902,20200929,17.3,83,32,20200929,256.0,105.3,21.9,8.6,20200902,20200902.0,20200911.0,,,,,,,1.1,9.8,17.1,290,320,20200907,20200903,50,6.2,3.5,164.1,44.16,,,,,,,16.5,9.5,20200921,24.7,,,,,,,,,
262,고흥,2020-10,15.0,21.5,9.5,26.5,3.2,20201003,20201030,1013.4,1019.7,1027.7,1009.6,20201031,20201004,11.6,20.9,3.6,20201002,20201015,8.5,69,10,20201015,24.9,24.7,4.2,1.0,20201021,20201021.0,20201021.0,,,,,,,1.1,7.0,11.3,290,320,20201024,20201023,340,4.7,2.7,226.7,64.68,,,,,,,7.9,1.6,20201030,18.3,,,,,,,,,
262,고흥,2020-11,10.0,16.2,4.3,22.2,-2.7,20201107,20201130,1017.9,1024.3,1034.9,1006.7,20201130,20201119,8.5,23.2,2.9,20201119,20201109,3.5,68,16,20201105,9.1,5.0,,,20201119,,,,,,,,,1.4,6.9,13.1,180,180,20201119,20201119,340,4.7,3.0,165.4,53.17,,,,,,,2.2,-5.0,20201130,12.1,,,,,,,,,
262,고흥,2020-12,2.0,8.6,-3.6,13.6,-8.8,20201228,20201231,1019.2,1025.8,1035.4,1014.2,20201201,20201229,4.6,9.4,0.7,20201229,20201219,-4.6,65,9,20201219,9.4,7.0,,,20201227,,,,,,,,,1.3,7.7,12.6,290,320,20201208,20201224,340,4.1,2.4,189.2,61.65,,,,,,,-6.3,-10.7,20201217,4.2,,,,,,,,,
262,고흥,2021-01,1.4,7.3,-4.0,15.9,-14.1,20210115,20210108,1017.5,1024.1,1034.2,1013.9,20210103,20210128,5.0,12.6,1.5,20210122,20210119,-4.1,70,15,20210119,19.8,10.2,,,20210126,,,,,,,,,1.4,8.0,17.6,320,320,20210116,20210128,340,4.5,2.8,184.0,58.51,,,,,,,-6.1,-13.6,20210108,3.2,,,,,,,,,
262,고흥,2021-02,5.2,11.1,-0.1,21.9,-5.4,20210221,20210217,1014.7,1021.1,1030.3,1008.6,20210209,20210215,5.6,13.7,1.9,20210214,20210208,-2.4,61,12,20210223,35.5,17.6,,,20210201,,,,,,,,,1.9,7.9,15.2,290,320,20210204,20210215,340,4.5,3.0,178.3,58.13,,,,,,,-2.9,-8.5,20210209,7.3,,,,,,,,,
262,고흥,2021-03,9.6,15.8,3.4,22.2,-2.1,20210326,20210303,1012.9,1019.2,1031.6,1003.5,20210303,20210328,8.5,18.1,3.4,20210327,20210322,4.0,72,12,20210330,128.8,39.8,,,20210327,,,,,,,,,1.6,8.9,15.1,180,180,20210301,20210301,340,5.0,2.9,221.5,59.62,,,,,,,1.7,-3.6,20210303,12.4,,,,,,,,,
262,고흥,2021-04,13.4,19.4,7.5,24.4,1.2,20210420,20210415,1012.0,1018.2,1032.1,1003.5,20210410,20210430,9.0,18.5,3.3,20210403,20210415,4.7,61,14,20210415,71.8,29.8,5.9,2.1,20210412,20210430.0,20210403.0,,,,,,,1.7,8.0,16.8,290,270,20210429,20210429,160,5.3,3.3,232.9,59.4,,,,,,,5.8,0.2,20210415,17.3,,,,,,,,,
262,고흥,2021-05,17.3,22.8,11.8,27.7,4.0,20210523,20210506,1003.6,1009.7,1020.8,998.9,20210503,20210528,13.9,24.6,4.5,20210515,20210506,11.2,72,19,20210506,112.9,37.3,14.4,7.7,20210504,20210516.0,20210516.0,,,,,,,1.5,8.1,14.8,160,140,20210504,20210504,320,5.6,3.5,216.6,49.95,,,,,,,10.3,2.5,20210506,22.0,,,,,,,,,
262,고흥,2021-06,21.7,26.7,17.3,30.1,12.3,20210621,20210605,1002.0,1007.9,1016.4,999.0,20210609,20210603,20.2,26.8,10.2,20210611,20210604,17.5,79,33,20210607,80.9,40.8,25.9,8.1,20210611,20210611.0,20210611.0,,,,,,,1.1,6.5,12.1,160,200,20210610,20210610,160,6.1,3.2,205.8,47.44,,,,,,,16.6,11.1,20210605,27.5,,,,,,,,,
262,고흥,2021-07,25.8,29.9,22.3,33.1,17.2,20210731,20210701,1002.3,1008.2,1015.7,999.5,20210715,20210731,26.9,32.8,19.4,20210731,20210701,22.2,82,50,20210723,450.8,294.3,46.1,13.6,20210706,20210706.0,20210706.0,,,,,,,1.3,7.6,13.8,180,160,20210703,20210703,160,6.8,3.0,192.7,43.73,,,,,,,22.4,16.8,20210701,31.5,,,,,,,,,
262,고흥,2021-08,25.7,30.1,22.0,34.6,18.9,20210806,20210815,1002.3,1008.1,1016.1,999.1,20210831,20210823,26.8,32.1,17.8,20210824,20210826,22.2,83,33,20210826,275.6,95.7,40.1,21.1,20210825,20210823.0,20210823.0,,,,,,,1.1,6.7,13.2,180,180,20210821,20210821,180,6.7,3.1,181.4,43.6,,,,,,,23.0,20.4,20210815,31.0,,,,,,,,,
262,고흥,2021-09,22.1,26.3,18.7,29.7,13.4,20210912,20210924,1006.8,1012.8,1022.8,1002.3,20210925,20210917,21.3,31.5,14.1,20210901,20210923,18.4,81,47,20210923,96.3,24.4,13.3,9.1,20210914,20210929.0,20210901.0,,,,,,,1.1,5.3,11.5,180,70,20210921,20210917,50,7.1,4.1,114.2,30.7,,,,,,,19.6,15.0,20210924,25.7,,,,,,,,,
262,고흥,2021-10,16.4,23.0,11.2,29.2,0.7,20211005,20211018,1014.3,1020.5,1028.8,1007.1,20211023,20211001,14.9,27.4,3.6,20211011,20211017,11.5,76,18,20211018,16.5,9.0,5.5,2.2,20211011,20211011.0,20211010.0,,,,,,,0.9,5.9,11.5,320,290,20211022,20211022,340,4.4,2.7,213.4,60.83,,,,,,,10.0,-0.4,20211018,19.0,,,,,,,,,
262,고흥,2021-11,9.7,16.3,4.2,21.6,-1.5,20211101,20211128,1013.6,1020.0,1035.9,1008.4,20211127,20211110,8.5,17.9,3.0,20211108,20211126,4.3,72,19,20211126,50.0,34.3,,,20211108,,,,,,,,,1.4,8.0,18.5,320,270,20211108,20211108,340,3.8,2.0,183.2,58.79,,,,,,,1.8,-4.6,20211129,9.6,,,,,,,,,
262,고흥,2021-12,3.7,9.9,-2.1,16.1,-9.0,20211210,20211227,1018.2,1024.7,1035.3,1015.3,20211226,20211221,5.5,10.7,1.8,20211210,20211218,-2.3,68,15,20211223,0.9,0.9,,,20211216,,,,,,,,,1.8,8.9,15.4,320,320,20211225,20211217,340,3.6,2.5,190.2,61.99,,,,,,,-6.2,-13.6,20211227,3.3,,,,,,,,,
262,고흥,2022-01,1.6,7.4,-3.7,11.6,-9.4,20220123,20220119,1017.5,1024.1,1032.3,1015.1,20220101,20220111,3.9,7.3,1.3,20220123,20220101,-6.6,58,11,20220107,0.2,0.2,,,20220105,,,,,,,,,1.8,8.0,13.5,290,320,20220112,20220111,340,4.5,2.9,200.9,63.88,,,,,,,-8.8,-14.4,20220119,2.0,,,,,,,,,
262,고흥,2022-02,2.1,7.6,-3.4,14.2,-7.6,20220228,20220221,1018.9,1025.4,1033.6,1017.1,20220223,20220226,3.7,7.6,1.8,20220226,20220222,-7.4,52,13,20220211,0.0,0.0,,,20220220,,,,,,,,,2.4,8.6,14.6,320,320,20220216,20220201,320,4.4,2.5,208.9,68.16,,,,,,,-8.4,-13.1,20220217,3.7,,,,,,,,,
262,고흥,2022-03,8.8,14.9,2.5,21.9,-3.5,20220316,20220308,1011.2,1017.5,1027.8,999.8,20220328,20220326,7.8,18.4,2.0,20220326,20220306,2.2,68,11,20220316,116.4,37.6,,,20220326,,,,,,,,,1.7,8.1,14.0,320,180,20220326,20220325,320,5.5,3.4,189.7,51.09,,,,,,,-1.1,-8.6,20220308,9.6,,,,,,,,,
262,고흥,2022-04,13.8,20.2,7.4,25.8,-0.9,20220424,20220403,1010.8,1017.0,1029.8,1001.3,20220401,20220426,10.2,22.4,2.0,20220426,20220405,6.1,65,9,20220418,81.6,40.1,14.3,6.6,20220425,20220425.0,20220425.0,,,,,,,1.3,6.5,9.9,290,320,20220407,20220407,180,4.9,2.7,220.8,56.34,,,,,,,4.4,-5.8,20220405,16.0,,,,,,,,,
262,고흥,2022-05,17.8,24.2,10.9,29.7,2.9,20220524,20220504,1006.8,1012.9,1021.6,1000.9,20220504,20220530,11.9,20.1,4.6,20220530,20220502,8.9,60,20,20220514,1.6,1.3,1.3,1.2,20220513,20220513.0,20220513.0,,,,,,,1.5,6.1,11.4,290,320,20220521,20220502,320,4.2,1.6,272.1,62.77,,,,,,,8.6,-0.4,20220504,22.2,,,,,,,,,
262,고흥,2022-06,21.8,26.1,18.2,30.6,12.3,20220621,20220602,1002.2,1008.2,1015.0,997.0,20220609,20220605,21.2,29.7,8.3,20220626,20220601,18.0,81,24,20220601,86.3,41.4,23.6,8.0,20220605,20220624.0,20220624.0,,,,,,,1.7,7.1,12.9,180,180,20220628,20220628,180,6.4,4.3,163.7,37.74,,,,,,,17.6,9.7,20220602,25.3,,,,,,,,,
262,고흥,2022-07,26.0,29.8,22.7,32.9,19.8,20220702,20220716,1000.2,1006.1,1015.9,997.2,20220701,20220715,26.9,32.2,21.3,20220714,20220716,22.2,81,48,20220719,268.7,115.9,32.3,14.2,20220718,20220718.0,20220708.0,,,,,,,1.6,8.7,16.3,290,180,20220721,20220731,160,6.4,4.0,197.3,44.76,,,,,,,22.3,19.5,20220716,29.2,,,,,,,,,
262,고흥,2022-08,25.7,29.4,22.3,32.5,14.4,20220807,20220828,1001.9,1007.8,1015.4,1001.8,20220828,20220820,27.7,33.8,14.1,20220820,20220827,22.5,84,32,20220827,109.9,52.9,23.4,12.2,20220816,20220816.0,20220816.0,,,,,,,1.3,7.3,14.0,160,180,20220801,20220801,200,7.2,3.7,149.5,35.9,,,,,,,22.6,15.1,20220828,28.1,,,,,,,,,
262,고흥,2022-09,21.8,26.5,17.9,32.9,12.2,20220918,20220924,1005.8,1011.8,1018.6,976.8,20220908,20220906,19.9,29.3,9.1,20220917,20220924,17.0,77,30,20220924,187.6,110.6,41.6,10.7,20220905,20220906.0,20220906.0,,,,,,,1.4,9.5,16.3,340,320,20220906,20220906,50,6.8,3.7,158.9,42.7,,,,,,,17.3,10.3,20220930,24.5,,,,,,,,,
262,고흥,2022-10,15.0,21.3,9.5,28.4,1.1,20221001,20221025,1015.0,1021.2,1029.0,1010.7,20221020,20221004,12.1,26.6,4.5,20221003,20221018,8.9,70,21,20221027,13.2,12.2,9.7,5.9,20221004,20221004.0,20221004.0,,,,,,,1.5,7.8,13.8,290,270,20221010,20221004,340,4.1,2.1,238.8,67.98,,,,,,,7.3,-1.3,20221025,17.9,,,,,,,,,
262,고흥,2022-11,10.7,17.9,4.4,22.1,-0.9,20221110,20221130,1014.5,1020.8,1032.6,1006.2,20221130,20221129,9.2,21.3,2.2,20221129,20221130,4.9,71,23,20221127,60.5,35.6,,,20221128,,,,,,,,,1.3,7.6,12.4,290,340,20221113,20221129,320,4.1,2.3,178.5,57.27,,,,,,,1.6,-3.5,20221106,11.3,,,,,,,,,
262,고흥,2022-12,1.6,6.6,-3.3,12.7,-8.1,20221208,20221219,1017.8,1024.4,1033.6,1008.5,20221230,20221222,4.3,8.8,1.3,20221221,20221217,-5.2,64,18,20221216,3.7,1.9,,,20221218,,,,,,,,,1.8,8.5,17.4,320,290,20221217,20221217,340,4.8,3.1,174.6,56.91,,,,,,,-5.5,-9.0,20221215,2.2,,,,,,,,,
262,고흥,2023-01,1.6,7.5,-4.0,16.9,-12.2,20230113,20230125,1017.8,1024.4,1033.4,1009.0,20230125,20230113,4.8,17.9,0.9,20230113,20230125,-4.8,65,17,20230125,53.7,48.4,,,20230113,,,,,,,,,1.9,8.8,16.4,320,290,20230124,20230124,340,3.4,2.3,193.6,61.56,,,,,,,-6.9,-14.4,20230125,1.6,,,,,,,,,
262,고흥,2023-02,3.8,10.2,-2.1,15.1,-7.3,20230207,20230205,1018.3,1024.9,1037.6,1014.4,20230226,20230213,5.1,11.2,1.7,20230218,20230221,-3.5,63,11,20230205,37.1,17.1,,,20230210,,,,,,,,,1.4,7.6,15.2,320,320,20230219,20230220,320,4.5,2.9,169.6,55.39,,,,,,,-5.3,-10.9,20230205,4.7,,,,,,,,,
262,고흥,2023-03,9.8,16.8,3.4,24.6,-3.8,20230331,20230303,1013.9,1020.3,1029.9,1002.6,20230303,20230323,7.8,17.7,1.8,20230323,20230302,2.0,64,8,20230331,47.5,19.9,,,20230324,,,,,,,,,1.4,7.6,13.4,290,320,20230302,20230313,320,4.1,2.5,221.5,59.69,,,,,,,0.6,-7.8,20230303,11.6,,,,,,,,,
262,고흥,2023-04,13.1,18.6,7.1,26.0,1.1,20230420,20230413,1009.1,1015.3,1024.8,1002.1,20230424,20230415,10.4,19.7,2.7,20230419,20230412,6.6,70,11,20230412,88.3,54.7,7.8,2.1,20230405,20230405.0,20230405.0,,,,,,,1.7,7.6,14.6,160,180,20230405,20230405,320,5.0,3.4,184.8,47.2,,,,,,,5.0,-1.5,20230413,15.0,,,,,,,,,
262,고흥,2023-05,17.2,22.4,12.3,27.9,5.4,20230516,20230509,1007.3,1013.4,1025.1,1000.3,20230502,20230506,15.4,24.7,5.0,20230529,20230510,12.9,79,12,20230510,288.4,92.9,21.9,8.0,20230505,20230505.0,20230505.0,,,,,,,1.4,8.4,14.7,180,180,20230505,20230505,160,6.1,3.9,175.1,40.42,,,,,,,11.4,4.3,20230509,19.8,,,,,,,,,
262,고흥,2023-06,21.5,26.1,17.4,29.3,12.9,20230602,20230604,1001.8,1007.7,1016.3,999.8,20230624,20230602,20.2,28.6,11.4,20230629,20230604,17.4,80,33,20230604,267.9,85.5,35.1,13.7,20230628,20230628.0,20230627.0,,,,,,,1.4,6.3,10.3,290,200,20230622,20230627,160,6.2,3.6,181.0,41.74,,,,,,,16.6,12.2,20230607,24.5,,,,,,,,,
262,고흥,2023-07,24.8,28.0,22.1,32.4,18.3,20230731,20230706,1002.7,1008.6,1016.7,995.9,20230726,20230705,27.9,32.6,21.6,20230717,20230706,22.9,90,52,20230706,414.6,91.4,31.3,13.5,20230718,20230718.0,20230723.0,,,,,,,1.2,6.6,11.7,200,200,20230712,20230712,180,7.6,5.3,87.6,19.86,,,,,,,22.8,18.6,20230706,26.4,,,,,,,,,
262,고흥,2023-08,26.2,30.7,22.5,34.6,19.1,20230807,20230826,999.4,1005.3,1012.4,988.6,20230820,20230810,28.0,33.2,22.1,20230824,20230826,22.9,83,50,20230805,222.2,70.6,40.4,13.0,20230830,20230830.0,20230830.0,,,,,,,1.2,7.0,12.6,290,320,20230810,20230810,160,5.1,2.6,216.6,51.97,,,,,,,22.8,19.4,20230826,29.1,,,,,,,,,
262,고흥,2023-09,23.3,28.0,19.9,31.2,16.1,20230904,20230923,1006.4,1012.4,1019.9,1003.2,20230923,20230921,23.6,30.7,13.7,20230916,20230923,20.0,84,34,20230929,121.0,30.1,23.2,16.9,20230916,20230913.0,20230913.0,,,,,,,0.9,6.2,12.0,180,180,20230920,20230920,50,6.2,2.8,166.0,44.59,,,,,,,20.1,12.4,20230929,24.9,,,,,,,,,
262,고흥,2023-10,16.9,23.4,11.1,26.2,5.9,20231001,20231021,1012.6,1018.7,1025.9,1008.4,20231012,20231014,13.6,19.7,6.9,20231019,20231005,11.3,73,20,20231031,4.5,2.8,1.2,0.3,20231007,20231007.0,20231007.0,,,,,,,1.2,6.9,12.3,320,340,20231020,20231020,320,3.8,2.0,229.2,65.22,,,,,,,7.0,1.2,20231021,17.7,,,,,,,,,
262,고흥,2023-11,10.7,16.7,5.0,26.8,-2.3,20231102,20231126,1015.4,1021.7,1033.7,1005.7,20231125,20231106,9.9,24.6,2.2,20231106,20231125,5.1,72,18,20231125,105.2,51.9,,,20231106,,,,,,,,,1.7,8.6,15.8,290,320,20231107,20231123,340,4.3,2.6,182.5,58.53,,,,,,,1.6,-5.6,20231125,10.2,,,,,,,,,
262,고흥,2023-12,5.6,11.1,0.5,20.7,-7.8,20231209,20231223,1017.9,1024.4,1038.7,1008.0,20231223,20231206,7.5,20.5,2.7,20231215,20231222,1.3,76,22,20231204,51.6,28.9,,,20231214,,,,,,,,,1.4,8.2,16.8,290,290,20231217,20231216,320,5.2,3.6,153.7,50.13,,,,,,,-3.0,-10.3,20231222,4.9,,,,,,,,,
262,고흥,2024-01,4.1,9.2,-0.7,15.8,-5.1,20240114,20240116,1018.0,1024.5,1032.8,1016.3,20240116,20240110,5.9,13.5,2.3,20240118,20240108,-1.4,70,19,20240108,38.5,26.4,,,20240120,,,,,,,,,1.9,7.4,16.1,320,320,20240107,20240124,320,4.4,3.2,169.4,53.95,,,,,,,-5.0,-9.6,20240108,3.5,,,,,,,,,
262,고흥,2024-02,7.0,11.5,2.6,19.0,-3.6,20240218,20240208,1017.0,1023.4,1031.7,1009.2,20240212,20240219,8.0,19.4,3.5,20240219,20240212,3.1,79,21,20240212,149.5,43.4,,,20240218,,,,,,,,,1.5,8.8,13.6,290,180,20240215,20240218,50,6.3,4.4,108.7,34.26,,,,,,,-1.0,-7.6,20240212,6.6,,,,,,,,,
262,고흥,2024-03,8.8,14.5,2.9,22.6,-5.4,20240323,20240302,1012.0,1018.4,1030.1,1002.4,20240310,20240328,7.7,16.2,2.6,20240328,20240301,2.2,67,12,20240316,87.9,35.1,,,20240328,,,13.2,3.7,9.2,2.6,20240330.0,20240330.0,2.0,8.1,14.7,290,340,20240317,20240308,320,4.6,3.1,192.0,51.63,57.95,,,,,,-0.1,-8.3,20240302,9.8,,,,,,,,,
262,고흥,2024-04,15.1,21.2,9.5,28.3,4.0,20240427,20240401,1007.4,1013.6,1027.3,1002.3,20240410,20240403,12.7,18.1,4.4,20240430,20240401,10.3,77,19,20240401,200.1,65.3,12.3,4.1,20240429,20240429.0,20240429.0,109.5,6.9,76.5,4.8,20240413.0,20240413.0,1.3,6.8,11.3,290,320,20240424,20240424,50,6.0,3.5,165.8,42.24,468.44,,,,,,8.7,2.6,20240401,17.4,,,,,,,,,
262,고흥,2024-05,18.0,24.6,11.5,30.3,7.0,20240523,20240502,1007.4,1013.5,1020.4,1001.6,20240510,20240527,14.0,24.4,7.6,20240526,20240516,11.6,70,18,20240519,178.4,128.4,17.2,6.5,20240505,20240505.0,20240505.0,188.8,9.0,132.2,6.3,20240519.0,20240519.0,1.9,9.1,18.6,180,320,20240505,20240516,160,4.0,2.2,263.4,60.73,702.17,,,,,,10.4,6.0,20240509,22.4,,,,,,,,,
262,고흥,2024-06,22.3,27.9,17.3,34.3,12.4,20240618,20240603,1002.3,1008.3,1019.2,996.3,20240605,20240622,20.1,29.8,10.1,20240630,20240601,17.3,76,26,20240618,175.3,52.2,16.9,8.8,20240630,20240630.0,20240630.0,138.7,9.5,96.9,6.7,20240618.0,20240618.0,1.5,6.2,11.5,290,250,20240616,20240630,320,6.5,3.3,188.6,43.48,540.1,,,,,,15.8,10.7,20240603,25.9,,,,,,,,,
262,고흥,2024-07,26.7,30.5,23.8,33.9,20.1,20240731,20240713,1002.1,1007.9,1017.5,1000.2,20240727,20240710,30.1,36.5,22.4,20240725,20240713,24.1,87,56,20240730,264.8,86.3,26.7,14.0,20240716,20240710.0,20240716.0,129.0,7.3,90.4,5.1,20240729.0,20240729.0,1.9,6.8,13.7,230,200,20240706,20240726,200,6.2,4.0,145.1,32.94,494.59,,,,,,23.5,19.4,20240712,28.7,,,,,,,,,
262,고흥,2024-08,28.9,34.3,24.6,36.9,20.9,20240804,20240831,1001.1,1006.9,1012.0,1001.2,20240824,20240829,30.2,36.9,22.5,20240802,20240813,24.2,77,43,20240831,49.9,26.1,17.9,10.6,20240822,20240822.0,20240822.0,174.1,8.1,122.1,5.7,20240830.0,20240830.0,1.4,6.4,12.4,180,70,20240822,20240829,180,3.8,1.3,263.0,63.22,647.29,,,,,,23.8,18.8,20240831,33.7,,,,,,,,,
262,고흥,2024-09,26.3,31.4,22.3,34.9,15.8,20240919,20240930,1006.4,1012.3,1020.0,995.0,20240929,20240921,27.2,36.5,15.4,20240917,20240924,22.3,80,47,20240927,285.3,205.7,74.8,21.3,20240921,20240921.0,20240921.0,127.0,6.6,88.7,4.6,20240904.0,20240904.0,1.3,10.8,24.2,200,340,20240921,20240921,50,5.1,2.5,180.9,48.68,453.14,,,,,,21.0,14.6,20240930,28.9,,,,,,,,,
262,고흥,2024-10,18.1,23.6,13.6,27.3,6.2,20241001,20241024,1012.7,1018.8,1029.5,1009.0,20241020,20241001,16.2,29.1,7.5,20241018,20241024,13.8,78,25,20241024,140.3,90.0,23.1,6.5,20241022,20241022.0,20241022.0,97.6,5.3,68.4,3.7,20241002.0,20241002.0,1.5,7.1,14.2,320,340,20241023,20241023,50,6.1,3.1,152.3,43.45,361.65,,,,,,12.1,4.0,20241024,18.9,,,,,,,,,
262,고흥,2024-11,11.6,17.8,6.0,24.2,-0.7,20241116,20241118,1015.2,1021.5,1031.7,1010.0,20241119,20241102,10.2,20.0,2.0,20241102,20241118,6.2,73,14,20241118,126.7,68.3,,,20241101,,,81.2,4.6,56.6,3.2,20241105.0,20241105.0,1.6,7.6,17.0,290,270,20241126,20241127,340,4.6,2.6,151.8,48.79,295.4,,,,,,3.8,-2.9,20241118,11.2,,,,,,,,,
262,고흥,2024-12,3.8,10.0,-1.8,18.3,-6.6,20241202,20241219,1016.9,1023.4,1030.9,1015.0,20241219,20241201,5.2,12.3,2.6,20241202,20241219,-2.6,65,22,20241219,0.1,0.1,,,20241207,,,70.8,3.1,49.8,2.2,20241226.0,20241226.0,2.0,8.8,16.8,320,320,20241222,20241221,340,3.7,2.2,188.3,61.36,304.4,,,,,,-5.1,-9.7,20241219,2.8,,,,,,,,,
